hex_id,direction,neighbor_id,review_status,crossing_features,blue_pixels_29x29,pink_pixels_29x29,dark_pixels_29x29,color_pixels_51x51,border_signal_pixels,signals
1001,s,1002,unreviewed,,239,40,0,495,235,river_candidate;road_candidate
1001,ne,1101,unreviewed,,0,0,0,3,77,no_feature_candidate
1001,se,1102,unreviewed,,183,32,0,435,152,river_candidate;road_candidate
1002,s,1003,unreviewed,,20,151,44,614,156,road_candidate;rail_or_primary_candidate
1002,ne,1102,unreviewed,,0,3,53,151,41,rail_or_primary_candidate
1002,se,1103,unreviewed,,0,0,2,69,29,
1003,s,1004,unreviewed,,0,149,59,531,139,road_candidate;rail_or_primary_candidate
1003,ne,1103,unreviewed,,0,166,59,741,147,road_candidate;rail_or_primary_candidate
1003,se,1104,unreviewed,,0,167,35,548,134,road_candidate;rail_or_primary_candidate
1004,s,1005,unreviewed,,0,1,13,91,73,rail_or_primary_candidate
1004,ne,1104,unreviewed,,0,1,217,420,56,rail_or_primary_candidate
1004,se,1105,unreviewed,,0,0,0,0,0,no_feature_candidate;strong_no_feature_candidate
1005,s,1006,unreviewed,,0,9,41,142,97,road_candidate;rail_or_primary_candidate
1005,ne,1105,unreviewed,,0,0,0,0,0,no_feature_candidate;strong_no_feature_candidate
1005,se,1106,unreviewed,,0,2,15,112,10,rail_or_primary_candidate
1006,s,1007,unreviewed,,0,0,55,91,67,rail_or_primary_candidate
1006,ne,1106,unreviewed,,0,0,0,18,3,
1006,se,1107,unreviewed,,0,0,0,0,0,no_feature_candidate;strong_no_feature_candidate
1007,s,1008,unreviewed,,0,0,60,149,70,rail_or_primary_candidate
1007,ne,1107,unreviewed,,0,7,0,32,1,road_candidate
1007,se,1108,unreviewed,,0,35,98,402,29,road_candidate;rail_or_primary_candidate
1008,s,1009,unreviewed,,0,0,0,0,63,no_feature_candidate
1008,ne,1108,unreviewed,,0,3,0,3,18,no_feature_candidate
1008,se,1109,unreviewed,,0,0,40,100,8,rail_or_primary_candidate
1009,s,1010,unreviewed,,0,0,0,0,62,no_feature_candidate
1009,ne,1109,unreviewed,,0,0,0,18,0,
1009,se,1110,unreviewed,,0,3,0,5,1,no_feature_candidate;strong_no_feature_candidate
1010,s,1011,unreviewed,,0,12,0,12,68,road_candidate
1010,ne,1110,unreviewed,,0,2,0,2,1,no_feature_candidate;strong_no_feature_candidate
1010,se,1111,unreviewed,,0,2,26,160,0,rail_or_primary_candidate
1011,s,1012,unreviewed,,0,0,0,0,64,no_feature_candidate
1011,ne,1111,unreviewed,,0,35,0,61,6,road_candidate
1011,se,1112,unreviewed,,0,3,0,4,1,no_feature_candidate;strong_no_feature_candidate
1012,s,1013,unreviewed,,0,0,0,0,64,no_feature_candidate
1012,ne,1112,unreviewed,,0,1,0,1,0,no_feature_candidate;strong_no_feature_candidate
1012,se,1113,unreviewed,,0,0,0,40,0,
1013,ne,1113,unreviewed,,0,2,62,186,19,rail_or_primary_candidate
1101,s,1102,unreviewed,,0,2,45,95,25,rail_or_primary_candidate
1101,ne,1200,unreviewed,,0,0,0,0,57,no_feature_candidate
1101,se,1201,unreviewed,,0,1,92,179,14,rail_or_primary_candidate
1102,s,1103,unreviewed,,0,0,0,0,0,no_feature_candidate;strong_no_feature_candidate
1102,ne,1201,unreviewed,,0,0,0,0,0,no_feature_candidate;strong_no_feature_candidate
1102,se,1202,unreviewed,,0,0,0,1,0,no_feature_candidate;strong_no_feature_candidate
1103,s,1104,unreviewed,,255,27,0,512,204,river_candidate;road_candidate
1103,ne,1202,unreviewed,,0,6,47,114,7,road_candidate;rail_or_primary_candidate
1103,se,1203,unreviewed,,0,0,0,31,43,
1104,s,1105,unreviewed,,0,0,0,3,0,no_feature_candidate;strong_no_feature_candidate
1104,ne,1203,unreviewed,,240,63,0,688,161,river_candidate;road_candidate
1104,se,1204,unreviewed,,0,0,45,96,42,rail_or_primary_candidate
1105,s,1106,unreviewed,,0,0,0,0,0,no_feature_candidate;strong_no_feature_candidate
1105,ne,1204,unreviewed,,0,0,0,1,0,no_feature_candidate;strong_no_feature_candidate
1105,se,1205,unreviewed,,0,0,0,0,0,no_feature_candidate;strong_no_feature_candidate
1106,s,1107,unreviewed,,0,0,0,0,0,no_feature_candidate;strong_no_feature_candidate
1106,ne,1205,unreviewed,,0,4,85,192,29,rail_or_primary_candidate
1106,se,1206,unreviewed,,0,1,9,81,10,
1107,s,1108,unreviewed,,0,0,0,0,0,no_feature_candidate;strong_no_feature_candidate
1107,ne,1206,unreviewed,,0,26,0,41,4,road_candidate
1107,se,1207,unreviewed,,0,1,0,1,1,no_feature_candidate;strong_no_feature_candidate
1108,s,1109,unreviewed,,0,0,0,0,0,no_feature_candidate;strong_no_feature_candidate
1108,ne,1207,unreviewed,,0,1,0,1,0,no_feature_candidate;strong_no_feature_candidate
1108,se,1208,unreviewed,,0,27,0,42,3,road_candidate
1109,s,1110,unreviewed,,0,2,54,106,8,rail_or_primary_candidate
1109,ne,1208,unreviewed,,0,0,0,2,7,no_feature_candidate
1109,se,1209,unreviewed,,0,0,0,2,1,no_feature_candidate;strong_no_feature_candidate
1110,s,1111,unreviewed,,0,0,0,0,0,no_feature_candidate;strong_no_feature_candidate
1110,ne,1209,unreviewed,,0,0,0,42,0,
1110,se,1210,unreviewed,,0,0,54,110,8,rail_or_primary_candidate
1111,s,1112,unreviewed,,0,0,0,16,33,
1111,ne,1210,unreviewed,,0,0,121,281,50,rail_or_primary_candidate
1111,se,1211,unreviewed,,0,106,5,373,55,road_candidate
1112,s,1113,unreviewed,,0,1,97,200,16,rail_or_primary_candidate
1112,ne,1211,unreviewed,,0,114,65,558,42,road_candidate;rail_or_primary_candidate
1112,se,1212,unreviewed,,0,0,19,81,32,rail_or_primary_candidate
1113,ne,1212,unreviewed,,0,0,0,0,4,no_feature_candidate;strong_no_feature_candidate
1113,se,1213,unreviewed,,0,0,0,1,0,no_feature_candidate;strong_no_feature_candidate
1200,s,1201,reviewed,none,0,0,0,13,0,
1200,ne,1300,reviewed,none,0,0,0,3,55,no_feature_candidate
1200,se,1301,reviewed,secondary_road,0,16,0,31,2,road_candidate
1201,s,1202,reviewed,none,0,0,35,77,0,rail_or_primary_candidate
1201,ne,1301,reviewed,none,0,0,0,0,0,no_feature_candidate;strong_no_feature_candidate
1201,se,1302,reviewed,none,0,1,0,1,0,no_feature_candidate;strong_no_feature_candidate
1202,s,1203,unreviewed,,0,0,35,148,0,rail_or_primary_candidate
1202,ne,1302,reviewed,none,0,0,0,1,1,no_feature_candidate;strong_no_feature_candidate
1202,se,1303,unreviewed,,0,44,45,150,11,road_candidate;rail_or_primary_candidate
1203,s,1204,unreviewed,,260,44,37,629,161,river_candidate;road_candidate;rail_or_primary_candidate
1203,ne,1303,unreviewed,,0,0,26,185,41,rail_or_primary_candidate
1203,se,1304,unreviewed,,0,37,35,255,80,road_candidate;rail_or_primary_candidate
1204,s,1205,unreviewed,,0,0,81,179,52,rail_or_primary_candidate
1204,ne,1304,unreviewed,,382,81,0,986,182,river_candidate;road_candidate
1204,se,1305,unreviewed,,280,79,12,716,158,river_candidate;road_candidate;rail_or_primary_candidate
1205,s,1206,unreviewed,,0,101,0,146,72,road_candidate
1205,ne,1305,unreviewed,,203,72,16,671,118,river_candidate;road_candidate;rail_or_primary_candidate
1205,se,1306,unreviewed,,0,94,47,328,90,road_candidate;rail_or_primary_candidate
1206,s,1207,unreviewed,,0,0,43,71,11,rail_or_primary_candidate
1206,ne,1306,unreviewed,,0,120,0,218,66,road_candidate
1206,se,1307,unreviewed,,0,120,0,286,64,road_candidate
1207,s,1208,unreviewed,,0,0,0,0,13,no_feature_candidate
1207,ne,1307,unreviewed,,0,102,0,230,63,road_candidate
1207,se,1308,unreviewed,,0,121,0,347,52,road_candidate
1208,s,1209,unreviewed,,0,0,97,174,16,rail_or_primary_candidate
1208,ne,1308,unreviewed,,0,92,60,397,63,road_candidate;rail_or_primary_candidate
1208,se,1309,unreviewed,,0,133,0,251,87,road_candidate
1209,s,1210,unreviewed,,0,0,34,61,30,rail_or_primary_candidate
1209,ne,1309,unreviewed,,0,110,0,246,56,road_candidate
1209,se,1310,unreviewed,,0,124,0,330,77,road_candidate
1210,s,1211,unreviewed,,0,105,123,514,123,road_candidate;rail_or_primary_candidate
1210,ne,1310,unreviewed,,134,83,23,542,122,river_candidate;road_candidate;rail_or_primary_candidate
1210,se,1311,unreviewed,,232,78,8,658,186,river_candidate;road_candidate
1211,s,1212,unreviewed,,0,159,0,380,81,road_candidate
1211,ne,1311,unreviewed,,2,188,0,753,146,road_candidate
1211,se,1312,unreviewed,,0,207,58,777,133,road_candidate;rail_or_primary_candidate
1212,s,1213,unreviewed,,0,22,0,45,6,road_candidate
1212,ne,1312,unreviewed,,241,39,0,645,150,river_candidate;road_candidate
1212,se,1313,unreviewed,,0,9,0,18,47,road_candidate
1213,ne,1313,unreviewed,,0,4,0,13,3,
1300,s,1301,reviewed,none,0,0,31,64,1,rail_or_primary_candidate
1300,se,1400,reviewed,none,0,0,0,2,1,no_feature_candidate;strong_no_feature_candidate
1301,s,1302,reviewed,secondary_road,0,30,0,33,6,road_candidate
1301,ne,1400,reviewed,none,0,0,39,228,43,rail_or_primary_candidate
1301,se,1401,reviewed,none,0,1,55,153,38,rail_or_primary_candidate
1302,s,1303,unreviewed,,0,7,40,272,0,road_candidate;rail_or_primary_candidate
1302,ne,1401,reviewed,none,0,1,0,17,0,
1302,se,1402,reviewed,secondary_road,0,9,24,80,12,road_candidate;rail_or_primary_candidate
1303,s,1304,unreviewed,,0,82,26,238,83,road_candidate;rail_or_primary_candidate
1303,ne,1402,unreviewed,,0,24,67,240,30,road_candidate;rail_or_primary_candidate
1303,se,1403,unreviewed,,0,112,0,211,59,road_candidate
1304,s,1305,unreviewed,,0,103,39,374,116,road_candidate;rail_or_primary_candidate
1304,ne,1403,unreviewed,,0,110,0,214,51,road_candidate
1304,se,1404,unreviewed,,0,120,0,302,70,road_candidate
1305,s,1306,unreviewed,,151,101,21,655,155,river_candidate;road_candidate;rail_or_primary_candidate
1305,ne,1404,unreviewed,,0,205,0,547,46,road_candidate
1305,se,1405,unreviewed,,0,27,0,157,31,road_candidate
1306,s,1307,unreviewed,,0,151,63,564,39,road_candidate;rail_or_primary_candidate
1306,ne,1405,unreviewed,,206,91,0,586,133,river_candidate;road_candidate
1306,se,1406,unreviewed,,0,0,0,55,26,
1307,s,1308,unreviewed,,0,93,54,344,32,road_candidate;rail_or_primary_candidate
1307,ne,1406,unreviewed,,0,0,0,16,8,
1307,se,1407,unreviewed,,0,0,0,0,0,no_feature_candidate;strong_no_feature_candidate
1308,s,1309,unreviewed,,0,208,41,595,43,road_candidate;rail_or_primary_candidate
1308,ne,1407,unreviewed,,0,0,0,0,0,no_feature_candidate;strong_no_feature_candidate
1308,se,1408,unreviewed,,0,0,0,0,2,no_feature_candidate;strong_no_feature_candidate
1309,s,1310,unreviewed,,0,203,0,484,37,road_candidate
1309,ne,1408,unreviewed,,0,0,0,3,0,no_feature_candidate;strong_no_feature_candidate
1309,se,1409,unreviewed,,0,11,0,29,4,road_candidate
1310,s,1311,unreviewed,,0,198,29,468,65,road_candidate;rail_or_primary_candidate
1310,ne,1409,unreviewed,,0,0,0,7,0,no_feature_candidate;strong_no_feature_candidate
1310,se,1410,unreviewed,,0,2,0,4,1,no_feature_candidate;strong_no_feature_candidate
1311,s,1312,unreviewed,,0,114,0,325,113,road_candidate
1311,ne,1410,unreviewed,,0,31,0,51,27,road_candidate
1311,se,1411,unreviewed,,291,110,0,890,117,river_candidate;road_candidate
1312,s,1313,unreviewed,,227,50,0,558,186,river_candidate;road_candidate
1312,ne,1411,unreviewed,,156,42,33,444,183,river_candidate;road_candidate;rail_or_primary_candidate
1312,se,1412,unreviewed,,276,49,36,767,195,river_candidate;road_candidate;rail_or_primary_candidate
1313,ne,1412,unreviewed,,280,36,0,690,224,river_candidate;road_candidate
1313,se,1413,unreviewed,,271,63,0,625,200,river_candidate;road_candidate
1400,s,1401,reviewed,none,0,71,25,286,80,road_candidate;rail_or_primary_candidate
1400,ne,1500,reviewed,none,0,0,0,0,0,no_feature_candidate;strong_no_feature_candidate
1400,se,1501,reviewed,none,0,0,0,17,19,
1401,s,1402,reviewed,none,0,0,32,72,18,rail_or_primary_candidate
1401,ne,1501,reviewed,none,0,110,0,221,75,road_candidate
1401,se,1502,reviewed,none,0,119,0,257,74,road_candidate
1402,s,1403,unreviewed,,0,99,34,300,72,road_candidate;rail_or_primary_candidate
1402,ne,1502,reviewed,none,0,102,68,476,68,road_candidate;rail_or_primary_candidate
1402,se,1503,unreviewed,,0,111,0,275,84,road_candidate
1403,s,1404,unreviewed,,0,190,0,485,41,road_candidate
1403,ne,1503,unreviewed,,0,231,0,560,48,road_candidate
1403,se,1504,unreviewed,,0,0,0,65,2,
1404,s,1405,unreviewed,,0,2,0,10,3,no_feature_candidate;strong_no_feature_candidate
1404,ne,1504,unreviewed,,0,27,0,61,10,road_candidate
1404,se,1505,unreviewed,,0,1,0,1,0,no_feature_candidate;strong_no_feature_candidate
1405,s,1406,unreviewed,,0,27,0,41,18,road_candidate
1405,ne,1505,unreviewed,,0,77,0,248,30,road_candidate
1405,se,1506,unreviewed,,0,86,0,297,28,road_candidate
1406,s,1407,unreviewed,,0,0,0,0,0,no_feature_candidate;strong_no_feature_candidate
1406,ne,1506,unreviewed,,0,0,0,9,2,no_feature_candidate;strong_no_feature_candidate
1406,se,1507,unreviewed,,0,1,0,2,1,no_feature_candidate;strong_no_feature_candidate
1407,s,1408,unreviewed,,0,0,0,1,0,no_feature_candidate;strong_no_feature_candidate
1407,ne,1507,unreviewed,,0,1,0,1,0,no_feature_candidate;strong_no_feature_candidate
1407,se,1508,unreviewed,,0,0,0,0,0,no_feature_candidate;strong_no_feature_candidate
1408,s,1409,unreviewed,,0,0,0,0,0,no_feature_candidate;strong_no_feature_candidate
1408,ne,1508,unreviewed,,0,0,0,1,1,no_feature_candidate;strong_no_feature_candidate
1408,se,1509,unreviewed,,0,0,0,0,0,no_feature_candidate;strong_no_feature_candidate
1409,s,1410,unreviewed,,0,16,1,31,4,road_candidate
1409,ne,1509,unreviewed,,0,0,0,0,0,no_feature_candidate;strong_no_feature_candidate
1409,se,1510,unreviewed,,0,1,0,1,0,no_feature_candidate;strong_no_feature_candidate
1410,s,1411,unreviewed,,0,2,0,91,57,
1410,ne,1510,unreviewed,,0,10,0,90,28,road_candidate
1410,se,1511,unreviewed,,293,102,0,887,148,river_candidate;road_candidate
1411,s,1412,unreviewed,,250,31,11,575,127,river_candidate;road_candidate;rail_or_primary_candidate
1411,ne,1511,unreviewed,,276,48,0,529,163,river_candidate;road_candidate
1411,se,1512,unreviewed,,261,0,0,512,123,river_candidate
1412,s,1413,unreviewed,,247,33,49,622,196,river_candidate;road_candidate;rail_or_primary_candidate
1412,ne,1512,unreviewed,,0,28,11,111,92,road_candidate;rail_or_primary_candidate
1412,se,1513,unreviewed,,341,81,0,1070,139,river_candidate;road_candidate
1413,ne,1513,unreviewed,,0,19,57,259,73,road_candidate;rail_or_primary_candidate
1415,ne,1515,unreviewed,,0,18,0,38,2,road_candidate
1500,s,1501,reviewed,none,0,0,32,61,52,rail_or_primary_candidate
1500,se,1600,reviewed,minor_river,291,98,14,887,120,river_candidate;road_candidate;rail_or_primary_candidate
1501,s,1502,reviewed,none,0,79,33,297,113,road_candidate;rail_or_primary_candidate
1501,ne,1600,reviewed,minor_river,210,83,17,737,133,river_candidate;road_candidate;rail_or_primary_candidate
1501,se,1601,reviewed,minor_river,241,79,13,632,192,river_candidate;road_candidate;rail_or_primary_candidate
1502,s,1503,unreviewed,,0,226,0,443,43,road_candidate
1502,ne,1601,reviewed,minor_river,219,137,0,810,148,river_candidate;road_candidate
1502,se,1602,reviewed,minor_river,0,49,47,174,32,road_candidate;rail_or_primary_candidate
1503,s,1504,unreviewed,,0,0,0,0,0,no_feature_candidate;strong_no_feature_candidate
1503,ne,1602,unreviewed,,0,0,0,0,5,no_feature_candidate;strong_no_feature_candidate
1503,se,1603,unreviewed,,0,1,0,1,1,no_feature_candidate;strong_no_feature_candidate
1504,s,1505,unreviewed,,0,50,2,106,7,road_candidate
1504,ne,1603,unreviewed,,0,1,0,2,1,no_feature_candidate;strong_no_feature_candidate
1504,se,1604,unreviewed,,0,44,0,79,7,road_candidate
1505,s,1506,unreviewed,,0,0,0,69,15,
1505,ne,1604,unreviewed,,0,0,0,0,0,no_feature_candidate;strong_no_feature_candidate
1505,se,1605,unreviewed,,0,13,0,30,4,road_candidate
1506,s,1507,unreviewed,,0,0,0,0,0,no_feature_candidate;strong_no_feature_candidate
1506,ne,1605,unreviewed,,0,37,0,67,6,road_candidate
1506,se,1606,unreviewed,,0,2,0,7,1,no_feature_candidate;strong_no_feature_candidate
1507,s,1508,unreviewed,,0,1,0,1,0,no_feature_candidate;strong_no_feature_candidate
1507,ne,1606,unreviewed,,0,2,0,2,1,no_feature_candidate;strong_no_feature_candidate
1507,se,1607,unreviewed,,0,2,0,2,1,no_feature_candidate;strong_no_feature_candidate
1508,s,1509,unreviewed,,0,10,1,44,4,road_candidate
1508,ne,1607,unreviewed,,0,11,0,23,1,road_candidate
1508,se,1608,unreviewed,,0,0,0,35,1,
1509,s,1510,unreviewed,,0,42,41,130,7,road_candidate;rail_or_primary_candidate
1509,ne,1608,unreviewed,,0,0,0,0,2,no_feature_candidate;strong_no_feature_candidate
1509,se,1609,unreviewed,,0,0,0,2,1,no_feature_candidate;strong_no_feature_candidate
1510,s,1511,unreviewed,,0,43,0,74,59,road_candidate
1510,ne,1609,unreviewed,,0,0,128,308,25,rail_or_primary_candidate
1510,se,1610,unreviewed,,0,20,0,48,21,road_candidate
1511,s,1512,unreviewed,,0,43,20,131,40,road_candidate;rail_or_primary_candidate
1511,ne,1610,unreviewed,,0,0,0,1,0,no_feature_candidate;strong_no_feature_candidate
1511,se,1611,unreviewed,,0,1,0,2,0,no_feature_candidate;strong_no_feature_candidate
1512,s,1513,unreviewed,,124,77,25,600,168,river_candidate;road_candidate;rail_or_primary_candidate
1512,ne,1611,unreviewed,,0,9,0,47,29,road_candidate
1512,se,1612,unreviewed,,222,55,0,534,170,river_candidate;road_candidate
1513,ne,1612,unreviewed,,0,121,0,238,79,road_candidate
1513,se,1613,unreviewed,,0,0,4,101,14,
1517,s,1518,unreviewed,,0,2,52,112,0,rail_or_primary_candidate
1600,s,1601,reviewed,secondary_road,0,152,0,405,63,road_candidate
1600,ne,1700,reviewed,none,0,0,0,0,0,no_feature_candidate;strong_no_feature_candidate
1600,se,1701,reviewed,none,0,1,0,5,1,no_feature_candidate;strong_no_feature_candidate
1601,s,1602,reviewed,secondary_road,0,40,1,83,28,road_candidate
1601,ne,1701,reviewed,none,0,0,0,2,0,no_feature_candidate;strong_no_feature_candidate
1601,se,1702,reviewed,none,0,0,0,0,0,no_feature_candidate;strong_no_feature_candidate
1602,s,1603,unreviewed,,0,1,0,1,1,no_feature_candidate;strong_no_feature_candidate
1602,ne,1702,reviewed,none,0,24,48,155,9,road_candidate;rail_or_primary_candidate
1602,se,1703,unreviewed,,0,21,0,34,4,road_candidate
1603,s,1604,unreviewed,,0,0,45,73,0,rail_or_primary_candidate
1603,ne,1703,unreviewed,,0,0,0,0,0,no_feature_candidate;strong_no_feature_candidate
1603,se,1704,unreviewed,,0,0,0,0,0,no_feature_candidate;strong_no_feature_candidate
1604,s,1605,unreviewed,,0,0,0,1,0,no_feature_candidate;strong_no_feature_candidate
1604,ne,1704,unreviewed,,0,15,0,27,3,road_candidate
1604,se,1705,unreviewed,,0,1,0,2,0,no_feature_candidate;strong_no_feature_candidate
1605,s,1606,unreviewed,,0,5,0,23,0,road_candidate
1605,ne,1705,unreviewed,,0,0,0,2,0,no_feature_candidate;strong_no_feature_candidate
1605,se,1706,unreviewed,,0,14,0,39,5,road_candidate
1606,s,1607,unreviewed,,0,0,0,0,0,no_feature_candidate;strong_no_feature_candidate
1606,ne,1706,unreviewed,,0,0,0,11,2,
1606,se,1707,unreviewed,,0,0,0,0,0,no_feature_candidate;strong_no_feature_candidate
1607,s,1608,unreviewed,,0,0,0,0,0,no_feature_candidate;strong_no_feature_candidate
1607,ne,1707,unreviewed,,0,11,0,23,1,road_candidate
1607,se,1708,unreviewed,,0,2,0,2,1,no_feature_candidate;strong_no_feature_candidate
1608,s,1609,unreviewed,,0,0,0,0,0,no_feature_candidate;strong_no_feature_candidate
1608,ne,1708,unreviewed,,0,0,0,0,1,no_feature_candidate;strong_no_feature_candidate
1608,se,1709,unreviewed,,0,0,0,2,1,no_feature_candidate;strong_no_feature_candidate
1609,s,1610,unreviewed,,0,0,32,180,0,rail_or_primary_candidate
1609,ne,1709,unreviewed,,0,0,0,1,0,no_feature_candidate;strong_no_feature_candidate
1609,se,1710,unreviewed,,0,0,0,0,0,no_feature_candidate;strong_no_feature_candidate
1610,s,1611,unreviewed,,0,0,41,57,0,rail_or_primary_candidate
1610,ne,1710,unreviewed,,0,1,0,1,0,no_feature_candidate;strong_no_feature_candidate
1610,se,1711,unreviewed,,0,9,0,24,2,road_candidate
1611,s,1612,unreviewed,,0,2,0,6,22,no_feature_candidate
1611,ne,1711,unreviewed,,0,1,0,2,2,no_feature_candidate;strong_no_feature_candidate
1611,se,1712,unreviewed,,0,0,0,0,0,no_feature_candidate;strong_no_feature_candidate
1612,s,1613,unreviewed,,0,100,30,220,76,road_candidate;rail_or_primary_candidate
1612,ne,1712,unreviewed,,0,24,0,33,4,road_candidate
1612,se,1713,unreviewed,,0,1,0,18,14,
1613,ne,1713,unreviewed,,0,96,0,192,59,road_candidate
1613,se,1714,unreviewed,,0,1,0,1,12,no_feature_candidate
1620,s,1621,unreviewed,,199,48,15,818,189,river_candidate;road_candidate;rail_or_primary_candidate
1620,se,1721,unreviewed,,0,3,41,192,45,rail_or_primary_candidate
1621,ne,1721,unreviewed,,267,7,2,588,157,river_candidate;road_candidate
1621,se,1722,unreviewed,,0,35,0,108,36,road_candidate
1700,s,1701,reviewed,none,0,0,0,0,37,no_feature_candidate
1700,se,1800,reviewed,minor_river,372,90,0,916,146,river_candidate;road_candidate
1701,s,1702,reviewed,none,0,3,0,4,36,no_feature_candidate
1701,ne,1800,reviewed,minor_river,272,31,0,583,131,river_candidate;road_candidate
1701,se,1801,reviewed,minor_river,292,41,0,578,161,river_candidate;road_candidate
1702,s,1703,unreviewed,,0,0,0,58,0,
1702,ne,1801,reviewed,minor_river,244,40,0,462,118,river_candidate;road_candidate
1702,se,1802,reviewed,minor_river,0,29,63,201,32,road_candidate;rail_or_primary_candidate
1703,s,1704,unreviewed,,0,12,1,19,2,road_candidate
1703,ne,1802,unreviewed,,0,3,0,6,1,no_feature_candidate;strong_no_feature_candidate
1703,se,1803,unreviewed,,0,1,0,1,0,no_feature_candidate;strong_no_feature_candidate
1704,s,1705,unreviewed,,0,0,0,0,0,no_feature_candidate;strong_no_feature_candidate
1704,ne,1803,unreviewed,,0,11,0,90,5,road_candidate
1704,se,1804,unreviewed,,0,6,0,29,5,road_candidate
1705,s,1706,unreviewed,,0,1,0,1,0,no_feature_candidate;strong_no_feature_candidate
1705,ne,1804,unreviewed,,0,2,0,4,1,no_feature_candidate;strong_no_feature_candidate
1705,se,1805,unreviewed,,0,0,0,2,0,no_feature_candidate;strong_no_feature_candidate
1706,s,1707,unreviewed,,0,0,0,0,0,no_feature_candidate;strong_no_feature_candidate
1706,ne,1805,unreviewed,,0,1,0,2,10,no_feature_candidate
1706,se,1806,unreviewed,,0,18,0,98,7,road_candidate
1707,s,1708,unreviewed,,0,0,0,0,0,no_feature_candidate;strong_no_feature_candidate
1707,ne,1806,unreviewed,,0,11,0,29,1,road_candidate
1707,se,1807,unreviewed,,0,1,0,3,2,no_feature_candidate;strong_no_feature_candidate
1708,s,1709,unreviewed,,0,0,0,0,0,no_feature_candidate;strong_no_feature_candidate
1708,ne,1807,unreviewed,,0,1,0,1,0,no_feature_candidate;strong_no_feature_candidate
1708,se,1808,unreviewed,,0,0,0,1,0,no_feature_candidate;strong_no_feature_candidate
1709,s,1710,unreviewed,,0,0,0,0,0,no_feature_candidate;strong_no_feature_candidate
1709,ne,1808,unreviewed,,0,0,0,0,1,no_feature_candidate;strong_no_feature_candidate
1709,se,1809,unreviewed,,0,1,0,3,1,no_feature_candidate;strong_no_feature_candidate
1710,s,1711,unreviewed,,0,0,0,2,0,no_feature_candidate;strong_no_feature_candidate
1710,ne,1809,unreviewed,,0,0,0,2,0,no_feature_candidate;strong_no_feature_candidate
1710,se,1810,unreviewed,,0,2,0,3,0,no_feature_candidate;strong_no_feature_candidate
1711,s,1712,unreviewed,,0,0,0,0,0,no_feature_candidate;strong_no_feature_candidate
1711,ne,1810,unreviewed,,0,29,0,57,5,road_candidate
1711,se,1811,unreviewed,,0,1,0,1,0,no_feature_candidate;strong_no_feature_candidate
1712,s,1713,unreviewed,,0,0,39,53,0,rail_or_primary_candidate
1712,ne,1811,unreviewed,,0,17,0,27,5,road_candidate
1712,se,1812,unreviewed,,0,0,0,0,0,no_feature_candidate;strong_no_feature_candidate
1713,s,1714,unreviewed,,0,88,47,198,69,road_candidate;rail_or_primary_candidate
1713,ne,1812,unreviewed,,0,0,0,0,0,no_feature_candidate;strong_no_feature_candidate
1713,se,1813,unreviewed,,0,0,0,21,11,
1714,s,1715,unreviewed,,0,0,40,57,14,rail_or_primary_candidate
1714,ne,1813,unreviewed,,0,110,0,200,63,road_candidate
1714,se,1814,unreviewed,,0,122,0,205,77,road_candidate
1715,s,1716,unreviewed,,0,0,58,115,21,rail_or_primary_candidate
1715,ne,1814,unreviewed,,0,111,0,216,52,road_candidate
1715,se,1815,unreviewed,,0,115,0,217,76,road_candidate
1716,s,1717,unreviewed,,0,7,58,135,43,road_candidate;rail_or_primary_candidate
1716,ne,1815,unreviewed,,0,119,0,234,97,road_candidate
1716,se,1816,unreviewed,,234,110,5,750,129,river_candidate;road_candidate
1717,ne,1816,unreviewed,,222,57,31,553,155,river_candidate;road_candidate;rail_or_primary_candidate
1717,se,1817,unreviewed,,164,88,108,1056,161,river_candidate;road_candidate;rail_or_primary_candidate
1719,ne,1818,unreviewed,,236,65,32,584,175,river_candidate;road_candidate;rail_or_primary_candidate
1719,se,1819,unreviewed,,222,57,31,563,135,river_candidate;road_candidate;rail_or_primary_candidate
1721,s,1722,unreviewed,,270,53,52,613,157,river_candidate;road_candidate;rail_or_primary_candidate
1721,ne,1820,unreviewed,,229,86,4,711,86,river_candidate;road_candidate
1721,se,1821,unreviewed,,208,76,70,810,159,river_candidate;road_candidate;rail_or_primary_candidate
1722,ne,1821,unreviewed,,346,50,41,1036,169,river_candidate;road_candidate;rail_or_primary_candidate
1722,se,1822,unreviewed,,0,0,0,12,63,
1800,s,1801,reviewed,none,0,0,0,0,34,no_feature_candidate
1800,ne,1900,reviewed,none,0,0,0,0,1,no_feature_candidate;strong_no_feature_candidate
1800,se,1901,reviewed,none,0,0,0,0,0,no_feature_candidate;strong_no_feature_candidate
1801,s,1802,reviewed,none,0,0,52,81,14,rail_or_primary_candidate
1801,ne,1901,reviewed,none,0,0,0,0,0,no_feature_candidate;strong_no_feature_candidate
1801,se,1902,reviewed,none,0,0,0,0,0,no_feature_candidate;strong_no_feature_candidate
1802,s,1803,unreviewed,,0,0,0,0,0,no_feature_candidate;strong_no_feature_candidate
1802,ne,1902,reviewed,none,0,1,0,6,6,no_feature_candidate
1802,se,1903,unreviewed,,0,33,65,200,9,road_candidate;rail_or_primary_candidate
1803,s,1804,unreviewed,,0,0,0,70,2,
1803,ne,1903,unreviewed,,0,0,0,0,0,no_feature_candidate;strong_no_feature_candidate
1803,se,1904,unreviewed,,0,1,0,46,4,
1804,s,1805,unreviewed,,0,24,4,59,2,road_candidate
1804,ne,1904,unreviewed,,0,2,0,2,6,no_feature_candidate
1804,se,1905,unreviewed,,0,1,0,2,2,no_feature_candidate;strong_no_feature_candidate
1805,s,1806,unreviewed,,0,27,15,126,14,road_candidate;rail_or_primary_candidate
1805,ne,1905,unreviewed,,0,1,0,1,2,no_feature_candidate;strong_no_feature_candidate
1805,se,1906,unreviewed,,0,0,2,52,1,
1806,s,1807,unreviewed,,0,30,0,61,19,road_candidate
1806,ne,1906,unreviewed,,0,8,41,166,8,road_candidate;rail_or_primary_candidate
1806,se,1907,unreviewed,,0,28,58,182,43,road_candidate;rail_or_primary_candidate
1807,s,1808,unreviewed,,0,1,0,1,36,no_feature_candidate
1807,ne,1907,unreviewed,,245,50,0,475,129,river_candidate;road_candidate
1807,se,1908,unreviewed,,213,67,0,515,112,river_candidate;road_candidate
1808,s,1809,unreviewed,,0,2,0,2,35,no_feature_candidate
1808,ne,1908,unreviewed,,320,56,0,747,145,river_candidate;road_candidate
1808,se,1909,unreviewed,,340,66,0,774,174,river_candidate;road_candidate
1809,s,1810,unreviewed,,0,0,0,0,34,no_feature_candidate
1809,ne,1909,unreviewed,,288,36,0,598,133,river_candidate;road_candidate
1809,se,1910,unreviewed,,314,43,0,588,169,river_candidate;road_candidate
1810,s,1811,unreviewed,,0,0,0,0,37,no_feature_candidate
1810,ne,1910,unreviewed,,350,32,0,661,160,river_candidate;road_candidate
1810,se,1911,unreviewed,,218,73,0,565,140,river_candidate;road_candidate
1811,s,1812,unreviewed,,0,0,0,0,29,no_feature_candidate
1811,ne,1911,unreviewed,,203,53,0,507,130,river_candidate;road_candidate
1811,se,1912,unreviewed,,311,53,0,626,173,river_candidate;road_candidate
1812,s,1813,unreviewed,,0,0,47,60,38,rail_or_primary_candidate
1812,ne,1912,unreviewed,,303,34,0,565,151,river_candidate;road_candidate
1812,se,1913,unreviewed,,264,34,0,551,123,river_candidate;road_candidate
1813,s,1814,unreviewed,,0,0,0,1,14,no_feature_candidate
1813,ne,1913,unreviewed,,299,37,0,617,117,river_candidate;road_candidate
1813,se,1914,unreviewed,,0,2,0,4,44,no_feature_candidate
1814,s,1815,unreviewed,,0,1,51,66,14,rail_or_primary_candidate
1814,ne,1914,unreviewed,,0,0,0,0,0,no_feature_candidate;strong_no_feature_candidate
1814,se,1915,unreviewed,,0,0,0,0,1,no_feature_candidate;strong_no_feature_candidate
1815,s,1816,unreviewed,,280,37,0,636,163,river_candidate;road_candidate
1815,ne,1915,unreviewed,,0,39,0,118,70,road_candidate
1815,se,1916,unreviewed,,251,48,0,708,192,river_candidate;road_candidate
1816,s,1817,unreviewed,,0,6,61,160,45,road_candidate;rail_or_primary_candidate
1816,ne,1916,unreviewed,,0,26,77,276,51,road_candidate;rail_or_primary_candidate
1816,se,1917,unreviewed,,0,1,0,2,1,no_feature_candidate;strong_no_feature_candidate
1817,s,1818,unreviewed,,0,0,70,70,40,rail_or_primary_candidate
1817,ne,1917,unreviewed,,0,1,0,1,0,no_feature_candidate;strong_no_feature_candidate
1817,se,1918,unreviewed,,0,0,60,104,6,rail_or_primary_candidate
1818,s,1819,unreviewed,,0,7,65,150,47,road_candidate;rail_or_primary_candidate
1818,ne,1918,unreviewed,,0,0,0,0,0,no_feature_candidate;strong_no_feature_candidate
1818,se,1919,unreviewed,,0,16,0,28,2,road_candidate
1819,s,1820,unreviewed,,0,181,0,410,84,road_candidate
1819,ne,1919,unreviewed,,0,18,0,48,5,road_candidate
1819,se,1920,unreviewed,,0,51,0,133,11,road_candidate
1820,s,1821,unreviewed,,0,203,62,629,105,road_candidate;rail_or_primary_candidate
1820,ne,1920,unreviewed,,0,0,0,0,7,no_feature_candidate
1820,se,1921,unreviewed,,0,1,0,30,27,
1821,s,1822,unreviewed,,473,12,24,1084,219,river_candidate;road_candidate;rail_or_primary_candidate
1821,ne,1921,unreviewed,,0,45,0,250,29,road_candidate
1821,se,1922,unreviewed,,0,165,60,750,90,road_candidate;rail_or_primary_candidate
1822,s,1823,unreviewed,,0,130,128,633,130,road_candidate;rail_or_primary_candidate
1822,ne,1922,unreviewed,,239,66,59,1128,196,river_candidate;road_candidate;rail_or_primary_candidate
1822,se,1923,unreviewed,,319,34,0,700,269,river_candidate;road_candidate
1823,s,1824,unreviewed,,169,156,143,1115,137,river_candidate;road_candidate;rail_or_primary_candidate
1823,ne,1923,unreviewed,,0,125,10,576,117,road_candidate;rail_or_primary_candidate
1823,se,1924,unreviewed,,0,175,0,366,105,road_candidate
1824,s,1825,unreviewed,,0,151,7,534,109,road_candidate
1824,ne,1924,unreviewed,,0,207,0,441,138,road_candidate
1824,se,1925,unreviewed,,2,181,0,614,113,road_candidate
1825,s,1826,unreviewed,,0,0,167,379,69,rail_or_primary_candidate
1825,ne,1925,unreviewed,,284,17,0,599,211,river_candidate;road_candidate
1825,se,1926,unreviewed,,0,108,141,711,129,road_candidate;rail_or_primary_candidate
1826,s,1827,unreviewed,,0,0,0,0,0,no_feature_candidate;strong_no_feature_candidate
1826,ne,1926,unreviewed,,0,93,20,374,54,road_candidate;rail_or_primary_candidate
1826,se,1927,unreviewed,,0,0,0,1,25,no_feature_candidate
1827,s,1828,unreviewed,,0,0,0,7,0,no_feature_candidate;strong_no_feature_candidate
1827,ne,1927,unreviewed,,0,0,0,112,0,
1827,se,1928,unreviewed,,0,0,25,72,6,rail_or_primary_candidate
1828,s,1829,unreviewed,,0,0,0,129,0,
1828,ne,1928,unreviewed,,0,1,0,40,0,
1828,se,1929,unreviewed,,0,19,0,30,4,road_candidate
1829,s,1830,unreviewed,,0,0,0,0,60,no_feature_candidate
1829,ne,1929,unreviewed,,0,0,338,693,71,rail_or_primary_candidate
1829,se,1930,unreviewed,,0,0,54,96,26,rail_or_primary_candidate
1830,s,1831,unreviewed,,0,0,45,166,70,rail_or_primary_candidate
1830,ne,1930,unreviewed,,0,20,58,132,9,road_candidate;rail_or_primary_candidate
1830,se,1931,unreviewed,,0,0,0,9,1,no_feature_candidate;strong_no_feature_candidate
1831,s,1832,unreviewed,,0,17,55,136,67,road_candidate;rail_or_primary_candidate
1831,ne,1931,unreviewed,,0,2,0,2,1,no_feature_candidate;strong_no_feature_candidate
1831,se,1932,unreviewed,,0,0,0,0,2,no_feature_candidate;strong_no_feature_candidate
1832,s,1833,unreviewed,,496,6,0,1448,242,river_candidate;road_candidate
1832,ne,1932,unreviewed,,0,0,194,302,31,rail_or_primary_candidate
1832,se,1933,unreviewed,,0,20,62,139,78,road_candidate;rail_or_primary_candidate
1833,s,1834,unreviewed,,834,0,0,2555,297,river_candidate
1833,ne,1933,unreviewed,,462,2,0,1368,132,river_candidate
1833,se,1934,unreviewed,,304,0,0,1099,117,river_candidate
1834,ne,1934,unreviewed,,457,1,0,1360,183,river_candidate
1900,s,1901,reviewed,none,0,0,0,0,35,no_feature_candidate
1900,se,2000,reviewed,minor_river,289,31,0,678,163,river_candidate;road_candidate
1901,s,1902,reviewed,none,0,7,0,7,42,road_candidate;no_feature_candidate
1901,ne,2000,reviewed,minor_river,289,30,0,569,140,river_candidate;road_candidate
1901,se,2001,reviewed,minor_river,285,34,0,574,159,river_candidate;road_candidate
1902,s,1903,unreviewed,,0,0,2,115,3,
1902,ne,2001,reviewed,minor_river,181,40,0,418,123,river_candidate;road_candidate
1902,se,2002,reviewed,minor_river,0,3,84,174,32,rail_or_primary_candidate
1903,s,1904,unreviewed,,0,2,0,2,0,no_feature_candidate;strong_no_feature_candidate
1903,ne,2002,unreviewed,,0,56,61,223,20,road_candidate;rail_or_primary_candidate
1903,se,2003,unreviewed,,0,0,0,0,0,no_feature_candidate;strong_no_feature_candidate
1904,s,1905,unreviewed,,0,0,0,0,0,no_feature_candidate;strong_no_feature_candidate
1904,ne,2003,unreviewed,,0,0,0,0,0,no_feature_candidate;strong_no_feature_candidate
1904,se,2004,unreviewed,,0,22,0,50,3,road_candidate
1905,s,1906,unreviewed,,0,2,58,124,14,rail_or_primary_candidate
1905,ne,2004,unreviewed,,0,2,57,132,11,rail_or_primary_candidate
1905,se,2005,unreviewed,,0,12,0,50,4,road_candidate
1906,s,1907,unreviewed,,0,8,85,349,4,road_candidate;rail_or_primary_candidate
1906,ne,2005,unreviewed,,0,0,0,0,6,no_feature_candidate
1906,se,2006,unreviewed,,0,0,134,323,29,rail_or_primary_candidate
1907,s,1908,unreviewed,,0,0,45,86,39,rail_or_primary_candidate
1907,ne,2006,unreviewed,,0,1,0,1,10,no_feature_candidate
1907,se,2007,unreviewed,,0,11,0,32,1,road_candidate
1908,s,1909,unreviewed,,0,38,43,167,44,road_candidate;rail_or_primary_candidate
1908,ne,2007,unreviewed,,0,1,0,1,0,no_feature_candidate;strong_no_feature_candidate
1908,se,2008,unreviewed,,0,0,0,0,0,no_feature_candidate;strong_no_feature_candidate
1909,s,1910,unreviewed,,0,25,36,113,42,road_candidate;rail_or_primary_candidate
1909,ne,2008,unreviewed,,0,0,0,0,0,no_feature_candidate;strong_no_feature_candidate
1909,se,2009,unreviewed,,0,0,0,2,1,no_feature_candidate;strong_no_feature_candidate
1910,s,1911,unreviewed,,0,8,69,170,44,road_candidate;rail_or_primary_candidate
1910,ne,2009,unreviewed,,0,0,240,530,59,rail_or_primary_candidate
1910,se,2010,unreviewed,,0,2,0,2,23,no_feature_candidate
1911,s,1912,unreviewed,,0,0,58,202,48,rail_or_primary_candidate
1911,ne,2010,unreviewed,,0,0,0,20,1,
1911,se,2011,unreviewed,,0,6,0,22,1,road_candidate
1912,s,1913,unreviewed,,0,9,42,129,47,road_candidate;rail_or_primary_candidate
1912,ne,2011,unreviewed,,0,0,0,0,0,no_feature_candidate;strong_no_feature_candidate
1912,se,2012,unreviewed,,0,2,0,14,0,
1913,s,1914,unreviewed,,280,37,0,572,196,river_candidate;road_candidate
1913,ne,2012,unreviewed,,0,0,0,6,0,no_feature_candidate;strong_no_feature_candidate
1913,se,2013,unreviewed,,0,4,67,187,50,rail_or_primary_candidate
1914,s,1915,unreviewed,,0,0,0,0,35,no_feature_candidate
1914,ne,2013,unreviewed,,264,34,19,834,152,river_candidate;road_candidate;rail_or_primary_candidate
1914,se,2014,unreviewed,,334,37,0,654,207,river_candidate;road_candidate
1915,s,1916,unreviewed,,274,40,0,578,179,river_candidate;road_candidate
1915,ne,2014,unreviewed,,231,56,0,572,142,river_candidate;road_candidate
1915,se,2015,unreviewed,,342,32,0,689,148,river_candidate;road_candidate
1916,s,1917,unreviewed,,0,1,0,1,0,no_feature_candidate;strong_no_feature_candidate
1916,ne,2015,unreviewed,,0,18,52,173,54,road_candidate;rail_or_primary_candidate
1916,se,2016,unreviewed,,0,0,0,1,0,no_feature_candidate;strong_no_feature_candidate
1917,s,1918,unreviewed,,0,0,0,0,0,no_feature_candidate;strong_no_feature_candidate
1917,ne,2016,unreviewed,,0,1,0,2,1,no_feature_candidate;strong_no_feature_candidate
1917,se,2017,unreviewed,,0,0,0,0,0,no_feature_candidate;strong_no_feature_candidate
1918,s,1919,unreviewed,,0,0,0,0,1,no_feature_candidate;strong_no_feature_candidate
1918,ne,2017,unreviewed,,0,0,0,0,0,no_feature_candidate;strong_no_feature_candidate
1918,se,2018,unreviewed,,0,0,50,102,6,rail_or_primary_candidate
1919,s,1920,unreviewed,,0,0,0,0,0,no_feature_candidate;strong_no_feature_candidate
1919,ne,2018,unreviewed,,0,0,0,12,0,
1919,se,2019,unreviewed,,0,11,0,32,4,road_candidate
1920,s,1921,unreviewed,,0,0,0,2,1,no_feature_candidate;strong_no_feature_candidate
1920,ne,2019,unreviewed,,0,15,0,22,1,road_candidate
1920,se,2020,unreviewed,,0,0,0,3,1,no_feature_candidate;strong_no_feature_candidate
1921,s,1922,unreviewed,,0,0,0,48,5,
1921,ne,2020,unreviewed,,0,0,0,8,0,no_feature_candidate;strong_no_feature_candidate
1921,se,2021,unreviewed,,0,0,0,52,19,
1922,s,1923,unreviewed,,487,30,49,1206,266,river_candidate;road_candidate;rail_or_primary_candidate
1922,ne,2021,unreviewed,,0,0,239,647,61,rail_or_primary_candidate
1922,se,2022,unreviewed,,0,167,49,683,121,road_candidate;rail_or_primary_candidate
1923,s,1924,unreviewed,,0,0,0,14,40,
1923,ne,2022,unreviewed,,497,28,36,1207,234,river_candidate;road_candidate;rail_or_primary_candidate
1923,se,2023,unreviewed,,0,91,5,179,111,road_candidate
1924,s,1925,unreviewed,,0,0,0,0,26,no_feature_candidate
1924,ne,2023,unreviewed,,0,108,0,200,41,road_candidate
1924,se,2024,unreviewed,,0,23,0,49,14,road_candidate
1925,s,1926,unreviewed,,0,200,79,680,164,road_candidate;rail_or_primary_candidate
1925,ne,2024,unreviewed,,0,0,0,19,29,
1925,se,2025,unreviewed,,0,100,10,300,104,road_candidate;rail_or_primary_candidate
1926,s,1927,unreviewed,,0,174,0,310,38,road_candidate
1926,ne,2025,unreviewed,,39,165,116,954,142,river_candidate;road_candidate;rail_or_primary_candidate
1926,se,2026,unreviewed,,0,136,62,580,117,road_candidate;rail_or_primary_candidate
1927,s,1928,unreviewed,,0,0,0,20,32,
1927,ne,2026,unreviewed,,0,0,15,76,55,rail_or_primary_candidate
1927,se,2027,unreviewed,,0,104,222,638,110,road_candidate;rail_or_primary_candidate
1928,s,1929,unreviewed,,0,0,58,98,8,rail_or_primary_candidate
1928,ne,2027,unreviewed,,0,70,4,285,23,road_candidate
1928,se,2028,unreviewed,,0,2,0,2,30,no_feature_candidate
1929,s,1930,unreviewed,,0,2,98,542,48,rail_or_primary_candidate
1929,ne,2028,unreviewed,,0,0,0,2,70,no_feature_candidate
1929,se,2029,unreviewed,,202,24,64,1169,100,river_candidate;road_candidate;rail_or_primary_candidate
1930,s,1931,unreviewed,,0,13,0,34,1,road_candidate
1930,ne,2029,unreviewed,,181,5,75,725,61,river_candidate;road_candidate;rail_or_primary_candidate
1930,se,2030,unreviewed,,0,1,5,21,37,
1931,s,1932,unreviewed,,0,0,0,1,2,no_feature_candidate;strong_no_feature_candidate
1931,ne,2030,unreviewed,,0,0,0,0,4,no_feature_candidate;strong_no_feature_candidate
1931,se,2031,unreviewed,,0,0,0,0,0,no_feature_candidate;strong_no_feature_candidate
1932,s,1933,unreviewed,,0,0,0,0,0,no_feature_candidate;strong_no_feature_candidate
1932,ne,2031,unreviewed,,0,0,0,0,1,no_feature_candidate;strong_no_feature_candidate
1932,se,2032,unreviewed,,0,0,0,69,0,
1933,s,1934,unreviewed,,0,2,51,141,75,rail_or_primary_candidate
1933,ne,2032,unreviewed,,0,0,0,3,0,no_feature_candidate;strong_no_feature_candidate
1933,se,2033,unreviewed,,0,10,0,27,8,road_candidate
1934,ne,2033,unreviewed,,0,0,0,97,2,
1934,se,2034,unreviewed,,0,0,0,0,0,no_feature_candidate;strong_no_feature_candidate
2000,s,2001,reviewed,railroad,0,1,53,87,45,rail_or_primary_candidate
2000,ne,2100,reviewed,railroad,0,4,60,111,9,rail_or_primary_candidate
2000,se,2101,reviewed,none,0,0,0,16,1,
2001,s,2002,reviewed,railroad,0,1,93,153,24,rail_or_primary_candidate
2001,ne,2101,reviewed,none,0,0,0,0,1,no_feature_candidate;strong_no_feature_candidate
2001,se,2102,reviewed,none,0,0,0,1,0,no_feature_candidate;strong_no_feature_candidate
2002,s,2003,unreviewed,,0,35,55,160,15,road_candidate;rail_or_primary_candidate
2002,ne,2102,reviewed,none,0,16,0,33,3,road_candidate
2002,se,2103,unreviewed,,0,29,34,174,9,road_candidate;rail_or_primary_candidate
2003,s,2004,unreviewed,,0,16,53,126,12,road_candidate;rail_or_primary_candidate
2003,ne,2103,unreviewed,,0,1,0,7,2,no_feature_candidate;strong_no_feature_candidate
2003,se,2104,unreviewed,,0,0,0,0,0,no_feature_candidate;strong_no_feature_candidate
2004,s,2005,unreviewed,,0,2,0,4,5,no_feature_candidate;strong_no_feature_candidate
2004,ne,2104,unreviewed,,0,40,0,66,7,road_candidate
2004,se,2105,unreviewed,,0,1,0,3,0,no_feature_candidate;strong_no_feature_candidate
2005,s,2006,unreviewed,,0,6,0,31,3,road_candidate
2005,ne,2105,unreviewed,,0,0,0,2,1,no_feature_candidate;strong_no_feature_candidate
2005,se,2106,unreviewed,,0,0,0,0,3,no_feature_candidate;strong_no_feature_candidate
2006,s,2007,unreviewed,,0,0,0,0,0,no_feature_candidate;strong_no_feature_candidate
2006,ne,2106,unreviewed,,0,0,0,11,3,
2006,se,2107,unreviewed,,0,0,0,0,0,no_feature_candidate;strong_no_feature_candidate
2007,s,2008,unreviewed,,0,0,0,0,0,no_feature_candidate;strong_no_feature_candidate
2007,ne,2107,unreviewed,,0,0,0,0,0,no_feature_candidate;strong_no_feature_candidate
2007,se,2108,unreviewed,,0,22,0,42,4,road_candidate
2008,s,2009,unreviewed,,0,0,0,0,0,no_feature_candidate;strong_no_feature_candidate
2008,ne,2108,unreviewed,,0,0,0,2,0,no_feature_candidate;strong_no_feature_candidate
2008,se,2109,unreviewed,,0,0,0,0,2,no_feature_candidate;strong_no_feature_candidate
2009,s,2010,unreviewed,,0,0,0,81,2,
2009,ne,2109,unreviewed,,0,0,0,1,1,no_feature_candidate;strong_no_feature_candidate
2009,se,2110,unreviewed,,0,7,0,21,1,road_candidate
2010,s,2011,unreviewed,,0,0,0,42,1,
2010,ne,2110,unreviewed,,0,0,0,8,2,no_feature_candidate;strong_no_feature_candidate
2010,se,2111,unreviewed,,0,0,0,2,1,no_feature_candidate;strong_no_feature_candidate
2011,s,2012,unreviewed,,0,12,2,30,6,road_candidate
2011,ne,2111,unreviewed,,0,47,0,84,9,road_candidate
2011,se,2112,unreviewed,,0,0,0,22,1,
2012,s,2013,unreviewed,,0,0,50,93,0,rail_or_primary_candidate
2012,ne,2112,unreviewed,,0,4,4,16,4,
2012,se,2113,unreviewed,,0,0,4,15,6,
2013,s,2014,unreviewed,,0,39,59,224,57,road_candidate;rail_or_primary_candidate
2013,ne,2113,unreviewed,,0,41,73,237,18,road_candidate;rail_or_primary_candidate
2013,se,2114,unreviewed,,0,40,31,175,15,road_candidate;rail_or_primary_candidate
2014,s,2015,unreviewed,,0,14,27,156,50,road_candidate;rail_or_primary_candidate
2014,ne,2114,unreviewed,,0,0,0,17,3,
2014,se,2115,unreviewed,,0,21,28,154,8,road_candidate;rail_or_primary_candidate
2015,s,2016,unreviewed,,0,0,0,0,0,no_feature_candidate;strong_no_feature_candidate
2015,ne,2115,unreviewed,,0,1,0,2,1,no_feature_candidate;strong_no_feature_candidate
2015,se,2116,unreviewed,,0,0,0,0,0,no_feature_candidate;strong_no_feature_candidate
2016,s,2017,unreviewed,,0,0,47,64,0,rail_or_primary_candidate
2016,ne,2116,unreviewed,,0,1,0,1,1,no_feature_candidate;strong_no_feature_candidate
2016,se,2117,unreviewed,,0,0,0,0,1,no_feature_candidate;strong_no_feature_candidate
2017,s,2018,unreviewed,,0,1,0,1,0,no_feature_candidate;strong_no_feature_candidate
2017,ne,2117,unreviewed,,0,0,0,0,0,no_feature_candidate;strong_no_feature_candidate
2017,se,2118,unreviewed,,0,1,0,1,0,no_feature_candidate;strong_no_feature_candidate
2018,s,2019,unreviewed,,0,1,56,101,4,rail_or_primary_candidate
2018,ne,2118,unreviewed,,0,0,0,0,0,no_feature_candidate;strong_no_feature_candidate
2018,se,2119,unreviewed,,0,0,0,0,1,no_feature_candidate;strong_no_feature_candidate
2019,s,2020,unreviewed,,0,0,0,1,31,no_feature_candidate
2019,ne,2119,unreviewed,,0,0,0,27,0,
2019,se,2120,unreviewed,,0,16,32,137,29,road_candidate;rail_or_primary_candidate
2020,s,2021,unreviewed,,0,0,0,15,47,
2020,ne,2120,unreviewed,,183,45,0,440,147,river_candidate;road_candidate
2020,se,2121,unreviewed,,337,39,0,746,190,river_candidate;road_candidate
2021,s,2022,unreviewed,,0,15,49,208,18,road_candidate;rail_or_primary_candidate
2021,ne,2121,unreviewed,,240,19,0,796,97,river_candidate;road_candidate
2021,se,2122,unreviewed,,0,7,0,31,48,road_candidate
2022,s,2023,unreviewed,,307,135,77,1358,71,river_candidate;road_candidate;rail_or_primary_candidate
2022,ne,2122,unreviewed,,0,0,2,46,78,
2022,se,2123,unreviewed,,462,68,42,1309,180,river_candidate;road_candidate;rail_or_primary_candidate
2023,s,2024,unreviewed,,0,104,68,283,58,road_candidate;rail_or_primary_candidate
2023,ne,2123,unreviewed,,0,200,0,405,75,road_candidate
2023,se,2124,unreviewed,,0,210,0,462,39,road_candidate
2024,s,2025,unreviewed,,0,142,44,421,126,road_candidate;rail_or_primary_candidate
2024,ne,2124,unreviewed,,0,113,51,299,59,road_candidate;rail_or_primary_candidate
2024,se,2125,unreviewed,,0,0,0,76,42,
2025,s,2026,unreviewed,,0,152,35,393,65,road_candidate;rail_or_primary_candidate
2025,ne,2125,unreviewed,,0,60,190,629,118,road_candidate;rail_or_primary_candidate
2025,se,2126,unreviewed,,0,195,0,454,86,road_candidate
2026,s,2027,unreviewed,,0,131,96,428,116,road_candidate;rail_or_primary_candidate
2026,ne,2126,unreviewed,,0,1,0,17,31,
2026,se,2127,unreviewed,,0,1,13,126,22,rail_or_primary_candidate
2027,s,2028,unreviewed,,0,103,96,454,18,road_candidate;rail_or_primary_candidate
2027,ne,2127,unreviewed,,0,145,85,671,119,road_candidate;rail_or_primary_candidate
2027,se,2128,unreviewed,,0,171,0,501,79,road_candidate
2028,s,2029,unreviewed,,142,8,104,979,183,river_candidate;road_candidate;rail_or_primary_candidate
2028,ne,2128,unreviewed,,0,0,28,86,60,rail_or_primary_candidate
2028,se,2129,unreviewed,,0,234,3,508,176,road_candidate
2029,s,2030,unreviewed,,187,30,1,869,34,river_candidate;road_candidate
2029,ne,2129,unreviewed,,281,85,135,1571,174,river_candidate;road_candidate;rail_or_primary_candidate
2029,se,2130,unreviewed,,362,1,16,1064,131,river_candidate;rail_or_primary_candidate
2030,s,2031,unreviewed,,0,0,0,0,0,no_feature_candidate;strong_no_feature_candidate
2030,ne,2130,unreviewed,,0,0,0,5,50,no_feature_candidate
2030,se,2131,unreviewed,,0,15,0,36,4,road_candidate
2031,s,2032,unreviewed,,0,4,0,4,40,no_feature_candidate
2031,ne,2131,unreviewed,,0,1,0,57,33,
2031,se,2132,unreviewed,,273,45,0,548,141,river_candidate;road_candidate
2032,s,2033,unreviewed,,0,0,0,2,40,no_feature_candidate
2032,ne,2132,unreviewed,,326,57,0,864,177,river_candidate;road_candidate
2032,se,2133,unreviewed,,284,45,0,860,148,river_candidate;road_candidate
2033,s,2034,unreviewed,,0,0,0,0,36,no_feature_candidate
2033,ne,2133,unreviewed,,266,37,0,576,128,river_candidate;road_candidate
2033,se,2134,unreviewed,,302,54,0,622,146,river_candidate;road_candidate
2034,ne,2134,unreviewed,,295,44,0,576,158,river_candidate;road_candidate
2100,s,2101,reviewed,none,0,0,0,52,0,
2100,se,2200,reviewed,secondary_road,0,18,0,82,1,road_candidate
2101,s,2102,reviewed,none,0,11,0,19,9,road_candidate
2101,ne,2200,reviewed,none,0,1,0,3,2,no_feature_candidate;strong_no_feature_candidate
2101,se,2201,reviewed,none,0,2,0,2,2,no_feature_candidate;strong_no_feature_candidate
2102,s,2103,unreviewed,,0,0,0,0,0,no_feature_candidate;strong_no_feature_candidate
2102,ne,2201,reviewed,secondary_road,0,13,0,27,2,road_candidate
2102,se,2202,reviewed,none,0,1,0,1,1,no_feature_candidate;strong_no_feature_candidate
2103,s,2104,unreviewed,,0,0,0,2,0,no_feature_candidate;strong_no_feature_candidate
2103,ne,2202,unreviewed,,0,0,0,0,0,no_feature_candidate;strong_no_feature_candidate
2103,se,2203,unreviewed,,0,13,69,185,7,road_candidate;rail_or_primary_candidate
2104,s,2105,unreviewed,,0,4,0,8,1,no_feature_candidate;strong_no_feature_candidate
2104,ne,2203,unreviewed,,0,0,0,2,0,no_feature_candidate;strong_no_feature_candidate
2104,se,2204,unreviewed,,0,26,0,42,3,road_candidate
2105,s,2106,unreviewed,,0,0,0,0,0,no_feature_candidate;strong_no_feature_candidate
2105,ne,2204,unreviewed,,0,0,0,0,0,no_feature_candidate;strong_no_feature_candidate
2105,se,2205,unreviewed,,0,0,0,0,0,no_feature_candidate;strong_no_feature_candidate
2106,s,2107,unreviewed,,0,1,0,1,0,no_feature_candidate;strong_no_feature_candidate
2106,ne,2205,unreviewed,,0,0,0,0,2,no_feature_candidate;strong_no_feature_candidate
2106,se,2206,unreviewed,,0,0,0,7,1,no_feature_candidate;strong_no_feature_candidate
2107,s,2108,unreviewed,,0,0,0,0,0,no_feature_candidate;strong_no_feature_candidate
2107,ne,2206,unreviewed,,0,0,0,0,0,no_feature_candidate;strong_no_feature_candidate
2107,se,2207,unreviewed,,0,0,0,1,0,no_feature_candidate;strong_no_feature_candidate
2108,s,2109,unreviewed,,0,29,7,59,4,road_candidate
2108,ne,2207,unreviewed,,0,1,0,2,4,no_feature_candidate;strong_no_feature_candidate
2108,se,2208,unreviewed,,0,5,0,21,0,road_candidate
2109,s,2110,unreviewed,,0,34,1,66,3,road_candidate
2109,ne,2208,unreviewed,,0,2,0,19,2,
2109,se,2209,unreviewed,,0,1,0,2,0,no_feature_candidate;strong_no_feature_candidate
2110,s,2111,unreviewed,,0,0,0,1,0,no_feature_candidate;strong_no_feature_candidate
2110,ne,2209,unreviewed,,0,8,0,13,1,road_candidate
2110,se,2210,unreviewed,,0,8,0,27,1,road_candidate
2111,s,2112,unreviewed,,0,15,0,27,5,road_candidate
2111,ne,2210,unreviewed,,0,15,0,40,3,road_candidate
2111,se,2211,unreviewed,,0,0,0,1,1,no_feature_candidate;strong_no_feature_candidate
2112,s,2113,unreviewed,,0,7,77,152,16,road_candidate;rail_or_primary_candidate
2112,ne,2211,unreviewed,,0,31,66,202,8,road_candidate;rail_or_primary_candidate
2112,se,2212,unreviewed,,0,7,0,32,4,road_candidate
2113,s,2114,unreviewed,,0,9,0,31,5,road_candidate
2113,ne,2212,unreviewed,,0,2,0,9,0,no_feature_candidate;strong_no_feature_candidate
2113,se,2213,unreviewed,,0,11,0,17,0,road_candidate
2114,s,2115,unreviewed,,0,0,0,12,2,
2114,ne,2213,unreviewed,,0,27,0,42,4,road_candidate
2114,se,2214,unreviewed,,0,15,0,26,5,road_candidate
2115,s,2116,unreviewed,,0,10,2,128,9,road_candidate
2115,ne,2214,unreviewed,,0,0,0,0,1,no_feature_candidate;strong_no_feature_candidate
2115,se,2215,unreviewed,,0,3,0,6,11,no_feature_candidate
2116,s,2117,unreviewed,,0,0,0,0,1,no_feature_candidate;strong_no_feature_candidate
2116,ne,2215,unreviewed,,0,29,34,186,17,road_candidate;rail_or_primary_candidate
2116,se,2216,unreviewed,,0,6,4,96,11,road_candidate
2117,s,2118,unreviewed,,0,0,0,0,0,no_feature_candidate;strong_no_feature_candidate
2117,ne,2216,unreviewed,,0,0,0,0,0,no_feature_candidate;strong_no_feature_candidate
2117,se,2217,unreviewed,,0,0,0,0,0,no_feature_candidate;strong_no_feature_candidate
2118,s,2119,unreviewed,,0,33,0,59,5,road_candidate
2118,ne,2217,unreviewed,,0,2,0,25,4,
2118,se,2218,unreviewed,,0,1,0,7,2,no_feature_candidate;strong_no_feature_candidate
2119,s,2120,unreviewed,,0,24,54,135,17,road_candidate;rail_or_primary_candidate
2119,ne,2218,unreviewed,,0,0,0,0,0,no_feature_candidate;strong_no_feature_candidate
2119,se,2219,unreviewed,,0,4,0,20,1,
2120,s,2121,unreviewed,,0,0,43,80,39,rail_or_primary_candidate
2120,ne,2219,unreviewed,,0,45,0,182,6,road_candidate
2120,se,2220,unreviewed,,0,4,0,33,3,
2121,s,2122,unreviewed,,274,16,2,651,106,river_candidate;road_candidate
2121,ne,2220,unreviewed,,0,0,0,0,0,no_feature_candidate;strong_no_feature_candidate
2121,se,2221,unreviewed,,0,1,33,97,45,rail_or_primary_candidate
2122,s,2123,unreviewed,,601,16,5,1269,242,river_candidate;road_candidate
2122,ne,2221,unreviewed,,295,40,0,709,229,river_candidate;road_candidate
2122,se,2222,unreviewed,,726,12,0,1478,300,river_candidate;road_candidate
2123,s,2124,unreviewed,,0,14,54,149,9,road_candidate;rail_or_primary_candidate
2123,ne,2222,unreviewed,,0,7,0,83,96,road_candidate
2123,se,2223,unreviewed,,0,0,0,4,0,no_feature_candidate;strong_no_feature_candidate
2124,s,2125,unreviewed,,0,85,0,157,51,road_candidate
2124,ne,2223,unreviewed,,0,0,0,40,12,
2124,se,2224,unreviewed,,0,214,0,605,45,road_candidate
2125,s,2126,unreviewed,,0,0,0,206,35,
2125,ne,2224,unreviewed,,0,113,0,245,44,road_candidate
2125,se,2225,unreviewed,,0,3,218,390,48,rail_or_primary_candidate
2126,s,2127,unreviewed,,0,0,43,98,9,rail_or_primary_candidate
2126,ne,2225,unreviewed,,0,21,41,188,11,road_candidate;rail_or_primary_candidate
2126,se,2226,unreviewed,,0,6,0,39,1,road_candidate
2127,s,2128,unreviewed,,0,1,0,95,24,
2127,ne,2226,unreviewed,,0,0,37,142,16,rail_or_primary_candidate
2127,se,2227,unreviewed,,0,1,49,86,27,rail_or_primary_candidate
2128,s,2129,unreviewed,,0,152,0,272,146,road_candidate
2128,ne,2227,unreviewed,,0,46,120,568,19,road_candidate;rail_or_primary_candidate
2128,se,2228,unreviewed,,0,2,0,109,50,
2129,s,2130,unreviewed,,0,129,109,488,89,road_candidate;rail_or_primary_candidate
2129,ne,2228,unreviewed,,0,158,18,520,108,road_candidate;rail_or_primary_candidate
2129,se,2229,unreviewed,,0,143,8,455,66,road_candidate
2130,s,2131,unreviewed,,0,29,0,51,0,road_candidate
2130,ne,2229,unreviewed,,0,0,2,55,31,
2130,se,2230,unreviewed,,0,3,86,191,12,rail_or_primary_candidate
2131,s,2132,unreviewed,,0,5,1,48,22,road_candidate
2131,ne,2230,unreviewed,,0,12,0,23,5,road_candidate
2131,se,2231,unreviewed,,0,0,0,5,0,no_feature_candidate;strong_no_feature_candidate
2132,s,2133,unreviewed,,0,0,0,0,36,no_feature_candidate
2132,ne,2231,unreviewed,,0,0,0,0,0,no_feature_candidate;strong_no_feature_candidate
2132,se,2232,unreviewed,,0,24,0,41,1,road_candidate
2133,s,2134,unreviewed,,0,0,0,8,36,no_feature_candidate
2133,ne,2232,unreviewed,,0,0,0,0,0,no_feature_candidate;strong_no_feature_candidate
2133,se,2233,unreviewed,,0,0,0,0,0,no_feature_candidate;strong_no_feature_candidate
2134,ne,2233,unreviewed,,0,50,0,73,4,road_candidate
2134,se,2234,unreviewed,,0,0,0,0,0,no_feature_candidate;strong_no_feature_candidate
2200,s,2201,reviewed,secondary_road,0,25,0,30,2,road_candidate
2200,ne,2300,reviewed,none,0,1,0,113,10,
2200,se,2301,reviewed,none,0,0,0,1,19,no_feature_candidate
2201,s,2202,reviewed,none,0,0,0,0,0,no_feature_candidate;strong_no_feature_candidate
2201,ne,2301,reviewed,none,0,0,0,6,1,no_feature_candidate;strong_no_feature_candidate
2201,se,2302,reviewed,secondary_road,0,4,0,22,2,
2202,s,2203,unreviewed,,0,0,0,1,0,no_feature_candidate;strong_no_feature_candidate
2202,ne,2302,reviewed,none,0,1,0,2,0,no_feature_candidate;strong_no_feature_candidate
2202,se,2303,unreviewed,,0,0,0,1,0,no_feature_candidate;strong_no_feature_candidate
2203,s,2204,unreviewed,,0,0,0,0,1,no_feature_candidate;strong_no_feature_candidate
2203,ne,2303,unreviewed,,0,1,0,1,2,no_feature_candidate;strong_no_feature_candidate
2203,se,2304,unreviewed,,0,30,70,180,10,road_candidate;rail_or_primary_candidate
2204,s,2205,unreviewed,,0,0,0,0,0,no_feature_candidate;strong_no_feature_candidate
2204,ne,2304,unreviewed,,0,31,0,65,5,road_candidate
2204,se,2305,unreviewed,,0,0,0,0,0,no_feature_candidate;strong_no_feature_candidate
2205,s,2206,unreviewed,,0,4,0,23,0,
2205,ne,2305,unreviewed,,0,0,0,2,0,no_feature_candidate;strong_no_feature_candidate
2205,se,2306,unreviewed,,0,0,0,0,2,no_feature_candidate;strong_no_feature_candidate
2206,s,2207,unreviewed,,0,0,0,0,23,no_feature_candidate
2206,ne,2306,unreviewed,,0,5,0,14,4,road_candidate
2206,se,2307,unreviewed,,0,0,0,12,26,
2207,s,2208,unreviewed,,0,5,0,9,3,road_candidate;no_feature_candidate;strong_no_feature_candidate
2207,ne,2307,unreviewed,,219,44,0,520,143,river_candidate;road_candidate
2207,se,2308,unreviewed,,0,2,0,2,41,no_feature_candidate
2208,s,2209,unreviewed,,0,16,0,27,0,road_candidate
2208,ne,2308,unreviewed,,0,7,0,10,1,road_candidate;no_feature_candidate;strong_no_feature_candidate
2208,se,2309,unreviewed,,0,13,0,29,1,road_candidate
2209,s,2210,unreviewed,,0,0,0,0,1,no_feature_candidate;strong_no_feature_candidate
2209,ne,2309,unreviewed,,0,0,0,0,1,no_feature_candidate;strong_no_feature_candidate
2209,se,2310,unreviewed,,0,0,0,0,0,no_feature_candidate;strong_no_feature_candidate
2210,s,2211,unreviewed,,0,29,0,50,5,road_candidate
2210,ne,2310,unreviewed,,0,16,0,31,4,road_candidate
2210,se,2311,unreviewed,,0,0,0,1,0,no_feature_candidate;strong_no_feature_candidate
2211,s,2212,unreviewed,,0,0,0,0,0,no_feature_candidate;strong_no_feature_candidate
2211,ne,2311,unreviewed,,0,30,70,193,12,road_candidate;rail_or_primary_candidate
2211,se,2312,unreviewed,,0,28,0,38,2,road_candidate
2212,s,2213,unreviewed,,0,22,3,32,1,road_candidate
2212,ne,2312,unreviewed,,0,13,0,35,2,road_candidate
2212,se,2313,unreviewed,,0,0,0,1,0,no_feature_candidate;strong_no_feature_candidate
2213,s,2214,unreviewed,,0,0,0,8,0,no_feature_candidate;strong_no_feature_candidate
2213,ne,2313,unreviewed,,0,0,0,1,1,no_feature_candidate;strong_no_feature_candidate
2213,se,2314,unreviewed,,0,0,0,0,0,no_feature_candidate;strong_no_feature_candidate
2214,s,2215,unreviewed,,0,0,0,0,0,no_feature_candidate;strong_no_feature_candidate
2214,ne,2314,unreviewed,,0,0,0,0,0,no_feature_candidate;strong_no_feature_candidate
2214,se,2315,unreviewed,,0,16,0,33,3,road_candidate
2215,s,2216,unreviewed,,0,0,0,28,11,
2215,ne,2315,unreviewed,,0,0,0,0,0,no_feature_candidate;strong_no_feature_candidate
2215,se,2316,unreviewed,,0,0,0,1,0,no_feature_candidate;strong_no_feature_candidate
2216,s,2217,unreviewed,,0,1,0,1,1,no_feature_candidate;strong_no_feature_candidate
2216,ne,2316,unreviewed,,0,0,0,0,0,no_feature_candidate;strong_no_feature_candidate
2216,se,2317,unreviewed,,0,12,69,182,7,road_candidate;rail_or_primary_candidate
2217,s,2218,unreviewed,,0,0,0,8,3,no_feature_candidate;strong_no_feature_candidate
2217,ne,2317,unreviewed,,0,8,0,29,1,road_candidate
2217,se,2318,unreviewed,,0,14,0,32,4,road_candidate
2218,s,2219,unreviewed,,0,0,0,0,0,no_feature_candidate;strong_no_feature_candidate
2218,ne,2318,unreviewed,,0,0,0,2,1,no_feature_candidate;strong_no_feature_candidate
2218,se,2319,unreviewed,,0,0,0,3,1,no_feature_candidate;strong_no_feature_candidate
2219,s,2220,unreviewed,,0,0,0,35,1,
2219,ne,2319,unreviewed,,0,0,0,2,0,no_feature_candidate;strong_no_feature_candidate
2219,se,2320,unreviewed,,0,21,0,65,4,road_candidate
2220,s,2221,unreviewed,,0,21,0,47,5,road_candidate
2220,ne,2320,unreviewed,,0,0,0,1,2,no_feature_candidate;strong_no_feature_candidate
2220,se,2321,unreviewed,,0,0,0,3,1,no_feature_candidate;strong_no_feature_candidate
2221,s,2222,unreviewed,,566,15,73,1341,302,river_candidate;road_candidate;rail_or_primary_candidate
2221,ne,2321,unreviewed,,0,0,0,2,2,no_feature_candidate;strong_no_feature_candidate
2221,se,2322,unreviewed,,0,21,0,287,110,road_candidate
2222,s,2223,unreviewed,,0,17,2,146,86,road_candidate
2222,ne,2322,unreviewed,,546,60,0,1391,313,river_candidate;road_candidate
2222,se,2323,unreviewed,,645,32,8,1694,272,river_candidate;road_candidate
2223,s,2224,unreviewed,,0,16,107,272,32,road_candidate;rail_or_primary_candidate
2223,ne,2323,unreviewed,,440,14,11,1166,146,river_candidate;road_candidate;rail_or_primary_candidate
2223,se,2324,unreviewed,,0,2,0,4,60,no_feature_candidate
2224,s,2225,unreviewed,,0,49,158,450,68,road_candidate;rail_or_primary_candidate
2224,ne,2324,unreviewed,,0,38,74,412,49,road_candidate;rail_or_primary_candidate
2224,se,2325,unreviewed,,0,234,43,702,91,road_candidate;rail_or_primary_candidate
2225,s,2226,unreviewed,,0,8,0,92,24,road_candidate
2225,ne,2325,unreviewed,,0,76,57,365,64,road_candidate;rail_or_primary_candidate
2225,se,2326,unreviewed,,0,109,72,433,105,road_candidate;rail_or_primary_candidate
2226,s,2227,unreviewed,,0,0,83,445,0,rail_or_primary_candidate
2226,ne,2326,unreviewed,,0,0,0,65,17,
2226,se,2327,unreviewed,,0,10,77,232,26,road_candidate;rail_or_primary_candidate
2227,s,2228,unreviewed,,0,4,0,224,7,
2227,ne,2327,unreviewed,,0,1,40,87,26,rail_or_primary_candidate
2227,se,2328,unreviewed,,0,0,173,317,24,rail_or_primary_candidate
2228,s,2229,unreviewed,,0,0,0,61,24,
2228,ne,2328,unreviewed,,0,24,0,90,11,road_candidate
2228,se,2329,unreviewed,,0,0,59,214,7,rail_or_primary_candidate
2229,s,2230,unreviewed,,0,5,0,16,31,road_candidate
2229,ne,2329,unreviewed,,0,1,0,1,0,no_feature_candidate;strong_no_feature_candidate
2229,se,2330,unreviewed,,0,0,0,41,27,
2230,s,2231,unreviewed,,0,0,0,0,0,no_feature_candidate;strong_no_feature_candidate
2230,ne,2330,unreviewed,,250,51,0,557,141,river_candidate;road_candidate
2230,se,2331,unreviewed,,0,0,76,198,52,rail_or_primary_candidate
2231,s,2232,unreviewed,,0,0,0,2,0,no_feature_candidate;strong_no_feature_candidate
2231,ne,2331,unreviewed,,0,0,121,297,26,rail_or_primary_candidate
2231,se,2332,unreviewed,,0,0,0,1,13,no_feature_candidate
2232,s,2233,unreviewed,,0,3,0,3,0,no_feature_candidate;strong_no_feature_candidate
2232,ne,2332,unreviewed,,0,4,0,4,1,no_feature_candidate;strong_no_feature_candidate
2232,se,2333,unreviewed,,0,27,0,50,4,road_candidate
2233,s,2234,unreviewed,,0,0,0,0,0,no_feature_candidate;strong_no_feature_candidate
2233,ne,2333,unreviewed,,0,1,0,1,0,no_feature_candidate;strong_no_feature_candidate
2233,se,2334,unreviewed,,0,44,0,66,5,road_candidate
2234,ne,2334,unreviewed,,0,0,0,0,0,no_feature_candidate;strong_no_feature_candidate
2300,s,2301,reviewed,minor_river,172,39,0,707,151,river_candidate;road_candidate
2300,se,2400,reviewed,none,4,8,0,244,49,road_candidate
2301,s,2302,reviewed,none,0,1,0,8,4,no_feature_candidate;strong_no_feature_candidate
2301,ne,2400,reviewed,minor_river,308,63,0,927,218,river_candidate;road_candidate
2301,se,2401,reviewed,none,0,0,0,20,33,
2302,s,2303,unreviewed,,0,0,0,0,0,no_feature_candidate;strong_no_feature_candidate
2302,ne,2401,reviewed,none,0,0,0,0,1,no_feature_candidate;strong_no_feature_candidate
2302,se,2402,reviewed,secondary_road,0,9,0,25,2,road_candidate
2303,s,2304,unreviewed,,0,0,0,3,0,no_feature_candidate;strong_no_feature_candidate
2303,ne,2402,unreviewed,,0,0,5,10,0,no_feature_candidate;strong_no_feature_candidate
2303,se,2403,unreviewed,,0,0,0,0,0,no_feature_candidate;strong_no_feature_candidate
2304,s,2305,unreviewed,,0,0,0,3,0,no_feature_candidate;strong_no_feature_candidate
2304,ne,2403,unreviewed,,0,57,68,206,16,road_candidate;rail_or_primary_candidate
2304,se,2404,unreviewed,,0,0,0,0,0,no_feature_candidate;strong_no_feature_candidate
2305,s,2306,unreviewed,,0,0,0,0,0,no_feature_candidate;strong_no_feature_candidate
2305,ne,2404,unreviewed,,0,2,0,3,1,no_feature_candidate;strong_no_feature_candidate
2305,se,2405,unreviewed,,0,1,0,1,1,no_feature_candidate;strong_no_feature_candidate
2306,s,2307,unreviewed,,0,0,0,0,0,no_feature_candidate;strong_no_feature_candidate
2306,ne,2405,unreviewed,,0,0,0,1,0,no_feature_candidate;strong_no_feature_candidate
2306,se,2406,unreviewed,,0,1,0,2,0,no_feature_candidate;strong_no_feature_candidate
2307,s,2308,unreviewed,,263,68,0,946,203,river_candidate;road_candidate
2307,ne,2406,unreviewed,,0,0,0,0,0,no_feature_candidate;strong_no_feature_candidate
2307,se,2407,unreviewed,,61,26,0,211,60,river_candidate;road_candidate
2308,s,2309,unreviewed,,0,0,0,0,1,no_feature_candidate;strong_no_feature_candidate
2308,ne,2407,unreviewed,,268,30,0,671,165,river_candidate;road_candidate
2308,se,2408,unreviewed,,0,0,0,2,41,no_feature_candidate
2309,s,2310,unreviewed,,0,0,0,0,0,no_feature_candidate;strong_no_feature_candidate
2309,ne,2408,unreviewed,,0,0,0,0,0,no_feature_candidate;strong_no_feature_candidate
2309,se,2409,unreviewed,,0,2,0,2,0,no_feature_candidate;strong_no_feature_candidate
2310,s,2311,unreviewed,,0,0,0,4,15,no_feature_candidate
2310,ne,2409,unreviewed,,0,25,0,150,33,road_candidate
2310,se,2410,unreviewed,,204,35,0,513,152,river_candidate;road_candidate
2311,s,2312,unreviewed,,0,34,0,57,5,road_candidate
2311,ne,2410,unreviewed,,0,39,70,212,30,road_candidate;rail_or_primary_candidate
2311,se,2411,unreviewed,,0,0,0,0,0,no_feature_candidate;strong_no_feature_candidate
2312,s,2313,unreviewed,,0,6,0,23,1,road_candidate
2312,ne,2411,unreviewed,,0,0,0,1,0,no_feature_candidate;strong_no_feature_candidate
2312,se,2412,unreviewed,,0,7,0,21,3,road_candidate
2313,s,2314,unreviewed,,0,0,0,0,1,no_feature_candidate;strong_no_feature_candidate
2313,ne,2412,unreviewed,,0,1,0,6,2,no_feature_candidate;strong_no_feature_candidate
2313,se,2413,unreviewed,,0,0,0,1,2,no_feature_candidate;strong_no_feature_candidate
2314,s,2315,unreviewed,,0,0,0,0,1,no_feature_candidate;strong_no_feature_candidate
2314,ne,2413,unreviewed,,0,1,0,1,1,no_feature_candidate;strong_no_feature_candidate
2314,se,2414,unreviewed,,0,0,0,0,1,no_feature_candidate;strong_no_feature_candidate
2315,s,2316,unreviewed,,0,0,0,0,0,no_feature_candidate;strong_no_feature_candidate
2315,ne,2414,unreviewed,,0,0,0,0,1,no_feature_candidate;strong_no_feature_candidate
2315,se,2415,unreviewed,,0,19,0,28,4,road_candidate
2316,s,2317,unreviewed,,0,0,0,4,0,no_feature_candidate;strong_no_feature_candidate
2316,ne,2415,unreviewed,,0,0,0,0,0,no_feature_candidate;strong_no_feature_candidate
2316,se,2416,unreviewed,,0,0,0,0,1,no_feature_candidate;strong_no_feature_candidate
2317,s,2318,unreviewed,,0,0,0,2,0,no_feature_candidate;strong_no_feature_candidate
2317,ne,2416,unreviewed,,0,9,0,18,1,road_candidate
2317,se,2417,unreviewed,,0,20,75,201,8,road_candidate;rail_or_primary_candidate
2318,s,2319,unreviewed,,0,0,0,0,0,no_feature_candidate;strong_no_feature_candidate
2318,ne,2417,unreviewed,,0,2,0,20,1,
2318,se,2418,unreviewed,,0,26,0,41,2,road_candidate
2319,s,2320,unreviewed,,0,0,0,0,0,no_feature_candidate;strong_no_feature_candidate
2319,ne,2418,unreviewed,,0,0,0,0,0,no_feature_candidate;strong_no_feature_candidate
2319,se,2419,unreviewed,,0,0,0,0,0,no_feature_candidate;strong_no_feature_candidate
2320,s,2321,unreviewed,,0,0,0,0,1,no_feature_candidate;strong_no_feature_candidate
2320,ne,2419,unreviewed,,0,0,0,0,5,no_feature_candidate;strong_no_feature_candidate
2320,se,2420,unreviewed,,0,0,0,54,3,
2321,s,2322,unreviewed,,0,28,2,59,5,road_candidate
2321,ne,2420,unreviewed,,0,24,0,35,2,road_candidate
2321,se,2421,unreviewed,,0,0,0,1,2,no_feature_candidate;strong_no_feature_candidate
2322,s,2323,unreviewed,,0,15,0,32,84,road_candidate
2322,ne,2421,unreviewed,,0,14,0,21,2,road_candidate
2322,se,2422,unreviewed,,0,9,0,26,1,road_candidate
2323,s,2324,unreviewed,,517,19,0,1386,207,river_candidate;road_candidate
2323,ne,2422,unreviewed,,0,0,176,253,29,rail_or_primary_candidate
2323,se,2423,unreviewed,,36,13,1,521,73,river_candidate;road_candidate
2324,s,2325,unreviewed,,0,0,197,383,58,rail_or_primary_candidate
2324,ne,2423,unreviewed,,605,23,0,1158,224,river_candidate;road_candidate
2324,se,2424,unreviewed,,0,21,59,233,66,road_candidate;rail_or_primary_candidate
2325,s,2326,unreviewed,,0,94,82,390,74,road_candidate;rail_or_primary_candidate
2325,ne,2424,unreviewed,,0,0,0,1,29,no_feature_candidate
2325,se,2425,unreviewed,,0,142,56,470,41,road_candidate;rail_or_primary_candidate
2326,s,2327,unreviewed,,0,0,93,162,33,rail_or_primary_candidate
2326,ne,2425,unreviewed,,0,125,0,327,59,road_candidate
2326,se,2426,unreviewed,,0,104,0,206,66,road_candidate
2327,s,2328,unreviewed,,0,34,5,65,6,road_candidate
2327,ne,2426,unreviewed,,0,117,0,255,30,road_candidate
2327,se,2427,unreviewed,,0,24,4,126,22,road_candidate
2328,s,2329,unreviewed,,0,0,0,0,6,no_feature_candidate
2328,ne,2427,unreviewed,,0,1,0,1,1,no_feature_candidate;strong_no_feature_candidate
2328,se,2428,unreviewed,,0,16,0,25,2,road_candidate
2329,s,2330,unreviewed,,0,0,0,1,0,no_feature_candidate;strong_no_feature_candidate
2329,ne,2428,unreviewed,,0,0,40,97,8,rail_or_primary_candidate
2329,se,2429,unreviewed,,0,0,0,0,2,no_feature_candidate;strong_no_feature_candidate
2330,s,2331,unreviewed,,264,37,67,607,199,river_candidate;road_candidate;rail_or_primary_candidate
2330,ne,2429,unreviewed,,0,2,0,2,0,no_feature_candidate;strong_no_feature_candidate
2330,se,2430,unreviewed,,0,0,0,120,37,
2331,s,2332,unreviewed,,0,0,45,305,1,rail_or_primary_candidate
2331,ne,2430,unreviewed,,266,29,0,700,119,river_candidate;road_candidate
2331,se,2431,unreviewed,,0,17,52,164,49,road_candidate;rail_or_primary_candidate
2332,s,2333,unreviewed,,0,0,0,0,0,no_feature_candidate;strong_no_feature_candidate
2332,ne,2431,unreviewed,,0,0,0,0,7,no_feature_candidate
2332,se,2432,unreviewed,,0,2,0,2,0,no_feature_candidate;strong_no_feature_candidate
2333,s,2334,unreviewed,,0,0,0,0,0,no_feature_candidate;strong_no_feature_candidate
2333,ne,2432,unreviewed,,0,0,0,0,1,no_feature_candidate;strong_no_feature_candidate
2333,se,2433,unreviewed,,0,16,0,36,4,road_candidate
2334,ne,2433,unreviewed,,0,28,0,36,6,road_candidate
2334,se,2434,unreviewed,,0,0,0,1,1,no_feature_candidate;strong_no_feature_candidate
2400,s,2401,reviewed,minor_river,260,24,0,569,236,river_candidate;road_candidate
2400,ne,2500,reviewed,major_river,600,33,0,1239,281,river_candidate;road_candidate
2400,se,2501,reviewed,major_river,607,36,5,1361,299,river_candidate;road_candidate
2401,s,2402,reviewed,none,0,3,0,3,78,no_feature_candidate
2401,ne,2501,reviewed,major_river,609,31,0,1316,325,river_candidate;road_candidate
2401,se,2502,reviewed,major_river,615,34,0,1378,296,river_candidate;road_candidate
2402,s,2403,unreviewed,,0,0,0,28,100,
2402,ne,2502,reviewed,major_river,597,34,0,1296,323,river_candidate;road_candidate
2402,se,2503,unreviewed,,515,62,0,1541,313,river_candidate;road_candidate
2403,s,2404,unreviewed,,0,1,0,1,78,no_feature_candidate
2403,ne,2503,unreviewed,,330,54,65,1401,281,river_candidate;road_candidate;rail_or_primary_candidate
2403,se,2504,unreviewed,,610,23,0,1227,328,river_candidate;road_candidate
2404,s,2405,unreviewed,,0,8,0,12,81,road_candidate
2404,ne,2504,unreviewed,,585,25,0,1252,305,river_candidate;road_candidate
2404,se,2505,unreviewed,,604,38,0,1267,290,river_candidate;road_candidate
2405,s,2406,unreviewed,,0,3,0,16,0,
2405,ne,2505,unreviewed,,516,21,0,1199,260,river_candidate;road_candidate
2405,se,2506,unreviewed,,0,0,0,67,78,
2406,s,2407,unreviewed,,0,8,0,8,4,road_candidate;no_feature_candidate;strong_no_feature_candidate
2406,ne,2506,unreviewed,,0,1,0,10,2,no_feature_candidate;strong_no_feature_candidate
2406,se,2507,unreviewed,,0,0,0,1,0,no_feature_candidate;strong_no_feature_candidate
2407,s,2408,unreviewed,,260,52,0,560,184,river_candidate;road_candidate
2407,ne,2507,unreviewed,,0,0,0,13,39,
2407,se,2508,unreviewed,,305,38,0,678,174,river_candidate;road_candidate
2408,s,2409,unreviewed,,0,0,8,235,0,
2408,ne,2508,unreviewed,,0,0,0,13,44,
2408,se,2509,unreviewed,,0,0,171,338,30,rail_or_primary_candidate
2409,s,2410,unreviewed,,204,40,0,674,113,river_candidate;road_candidate
2409,ne,2509,unreviewed,,0,38,0,135,68,road_candidate
2409,se,2510,unreviewed,,326,32,0,894,120,river_candidate;road_candidate
2410,s,2411,unreviewed,,0,0,0,0,0,no_feature_candidate;strong_no_feature_candidate
2410,ne,2510,unreviewed,,0,36,72,219,45,road_candidate;rail_or_primary_candidate
2410,se,2511,unreviewed,,0,2,0,2,1,no_feature_candidate;strong_no_feature_candidate
2411,s,2412,unreviewed,,0,0,0,0,0,no_feature_candidate;strong_no_feature_candidate
2411,ne,2511,unreviewed,,0,0,0,0,0,no_feature_candidate;strong_no_feature_candidate
2411,se,2512,unreviewed,,0,1,0,4,0,no_feature_candidate;strong_no_feature_candidate
2412,s,2413,unreviewed,,0,30,5,46,3,road_candidate
2412,ne,2512,unreviewed,,0,0,0,0,0,no_feature_candidate;strong_no_feature_candidate
2412,se,2513,unreviewed,,0,0,0,1,0,no_feature_candidate;strong_no_feature_candidate
2413,s,2414,unreviewed,,0,0,0,0,0,no_feature_candidate;strong_no_feature_candidate
2413,ne,2513,unreviewed,,0,2,0,3,0,no_feature_candidate;strong_no_feature_candidate
2413,se,2514,unreviewed,,0,16,0,36,0,road_candidate
2414,s,2415,unreviewed,,0,0,0,0,0,no_feature_candidate;strong_no_feature_candidate
2414,ne,2514,unreviewed,,0,1,0,1,0,no_feature_candidate;strong_no_feature_candidate
2414,se,2515,unreviewed,,0,1,0,1,0,no_feature_candidate;strong_no_feature_candidate
2415,s,2416,unreviewed,,0,0,0,7,7,no_feature_candidate
2415,ne,2515,unreviewed,,0,1,0,1,0,no_feature_candidate;strong_no_feature_candidate
2415,se,2516,unreviewed,,0,11,21,91,4,road_candidate;rail_or_primary_candidate
2416,s,2417,unreviewed,,0,1,0,1,0,no_feature_candidate;strong_no_feature_candidate
2416,ne,2516,unreviewed,,0,1,0,43,0,
2416,se,2517,unreviewed,,0,0,0,0,0,no_feature_candidate;strong_no_feature_candidate
2417,s,2418,unreviewed,,0,24,69,173,8,road_candidate;rail_or_primary_candidate
2417,ne,2517,unreviewed,,0,0,0,3,1,no_feature_candidate;strong_no_feature_candidate
2417,se,2518,unreviewed,,0,1,0,2,0,no_feature_candidate;strong_no_feature_candidate
2418,s,2419,unreviewed,,0,16,4,45,18,road_candidate
2418,ne,2518,unreviewed,,0,0,0,19,0,
2418,se,2519,unreviewed,,0,19,55,173,13,road_candidate;rail_or_primary_candidate
2419,s,2420,unreviewed,,0,10,0,53,42,road_candidate
2419,ne,2519,unreviewed,,0,11,32,157,35,road_candidate;rail_or_primary_candidate
2419,se,2520,unreviewed,,242,65,0,614,122,river_candidate;road_candidate
2420,s,2421,unreviewed,,0,0,0,0,43,no_feature_candidate
2420,ne,2520,unreviewed,,225,76,0,583,133,river_candidate;road_candidate
2420,se,2521,unreviewed,,312,59,0,649,196,river_candidate;road_candidate
2421,s,2422,unreviewed,,0,6,0,6,43,road_candidate;no_feature_candidate
2421,ne,2521,unreviewed,,259,30,0,571,121,river_candidate;road_candidate
2421,se,2522,unreviewed,,276,37,0,648,156,river_candidate;road_candidate
2422,s,2423,unreviewed,,0,0,0,4,0,no_feature_candidate;strong_no_feature_candidate
2422,ne,2522,unreviewed,,258,38,0,746,73,river_candidate;road_candidate
2422,se,2523,unreviewed,,0,0,0,0,37,no_feature_candidate
2423,s,2424,unreviewed,,483,8,1,1104,141,river_candidate;road_candidate
2423,ne,2523,unreviewed,,0,0,0,23,76,
2423,se,2524,unreviewed,,651,29,0,1545,235,river_candidate;road_candidate
2424,s,2425,unreviewed,,0,0,72,77,11,rail_or_primary_candidate
2424,ne,2524,unreviewed,,0,0,0,42,90,
2424,se,2525,unreviewed,,0,31,69,180,28,road_candidate;rail_or_primary_candidate
2425,s,2426,unreviewed,,0,214,36,612,58,road_candidate;rail_or_primary_candidate
2425,ne,2525,unreviewed,,0,2,30,88,8,rail_or_primary_candidate
2425,se,2526,unreviewed,,0,2,168,419,25,rail_or_primary_candidate
2426,s,2427,unreviewed,,0,79,74,310,60,road_candidate;rail_or_primary_candidate
2426,ne,2526,unreviewed,,0,0,0,35,6,
2426,se,2527,unreviewed,,0,192,0,465,38,road_candidate
2427,s,2428,unreviewed,,0,1,0,1,11,no_feature_candidate
2427,ne,2527,unreviewed,,0,86,67,332,69,road_candidate;rail_or_primary_candidate
2427,se,2528,unreviewed,,0,117,0,234,63,road_candidate
2428,s,2429,unreviewed,,0,0,0,49,0,
2428,ne,2528,unreviewed,,0,117,0,214,58,road_candidate
2428,se,2529,unreviewed,,0,0,55,118,14,rail_or_primary_candidate
2429,s,2430,unreviewed,,0,0,0,0,0,no_feature_candidate;strong_no_feature_candidate
2429,ne,2529,unreviewed,,0,0,0,2,0,no_feature_candidate;strong_no_feature_candidate
2429,se,2530,unreviewed,,0,1,0,2,0,no_feature_candidate;strong_no_feature_candidate
2430,s,2431,unreviewed,,263,28,0,615,108,river_candidate;road_candidate
2430,ne,2530,unreviewed,,0,3,0,3,0,no_feature_candidate;strong_no_feature_candidate
2430,se,2531,unreviewed,,0,0,0,31,48,
2431,s,2432,unreviewed,,0,8,1,35,3,road_candidate
2431,ne,2531,unreviewed,,304,35,0,679,126,river_candidate;road_candidate
2431,se,2532,unreviewed,,0,38,69,180,48,road_candidate;rail_or_primary_candidate
2432,s,2433,unreviewed,,0,21,2,41,3,road_candidate
2432,ne,2532,unreviewed,,0,2,0,3,2,no_feature_candidate;strong_no_feature_candidate
2432,se,2533,unreviewed,,0,1,0,2,0,no_feature_candidate;strong_no_feature_candidate
2433,s,2434,unreviewed,,0,0,0,1,0,no_feature_candidate;strong_no_feature_candidate
2433,ne,2533,unreviewed,,0,0,0,0,0,no_feature_candidate;strong_no_feature_candidate
2433,se,2534,unreviewed,,0,39,0,53,5,road_candidate
2434,ne,2534,unreviewed,,0,0,0,55,79,
2500,s,2501,reviewed,primary_road,0,0,56,116,123,rail_or_primary_candidate
2500,se,2600,unreviewed,,326,47,0,660,190,river_candidate;road_candidate
2501,s,2502,reviewed,primary_road,0,0,59,117,127,rail_or_primary_candidate
2501,ne,2600,unreviewed,,334,78,0,950,218,river_candidate;road_candidate
2501,se,2601,unreviewed,,339,70,0,969,202,river_candidate;road_candidate
2502,s,2503,unreviewed,,155,1,74,1019,206,river_candidate;rail_or_primary_candidate
2502,ne,2601,unreviewed,,322,45,0,672,218,river_candidate;road_candidate
2502,se,2602,unreviewed,,194,17,401,1227,261,river_candidate;road_candidate;rail_or_primary_candidate
2503,s,2504,unreviewed,,321,1,17,874,214,river_candidate;rail_or_primary_candidate
2503,ne,2602,unreviewed,,656,17,25,1735,257,river_candidate;road_candidate;rail_or_primary_candidate
2503,se,2603,unreviewed,,271,78,115,1510,224,river_candidate;road_candidate;rail_or_primary_candidate
2504,s,2505,unreviewed,,446,32,10,917,252,river_candidate;road_candidate;rail_or_primary_candidate
2504,ne,2603,unreviewed,,478,173,0,1356,275,river_candidate;road_candidate
2504,se,2604,unreviewed,,451,41,6,953,220,river_candidate;road_candidate
2505,s,2506,unreviewed,,571,28,0,1069,321,river_candidate;road_candidate
2505,ne,2604,unreviewed,,0,1,0,37,63,
2505,se,2605,unreviewed,,0,1,0,135,80,
2506,s,2507,unreviewed,,0,0,0,32,79,
2506,ne,2605,unreviewed,,585,30,0,1211,298,river_candidate;road_candidate
2506,se,2606,unreviewed,,620,24,0,1281,294,river_candidate;road_candidate
2507,s,2508,unreviewed,,272,31,0,520,215,river_candidate;road_candidate
2507,ne,2606,unreviewed,,616,35,0,1284,351,river_candidate;road_candidate
2507,se,2607,unreviewed,,618,24,0,1279,306,river_candidate;road_candidate
2508,s,2509,unreviewed,,0,19,3,44,38,road_candidate
2508,ne,2607,unreviewed,,476,73,0,1196,281,river_candidate;road_candidate
2508,se,2608,unreviewed,,268,43,0,612,206,river_candidate;road_candidate
2509,s,2510,unreviewed,,202,73,3,535,169,river_candidate;road_candidate
2509,ne,2608,unreviewed,,296,48,0,585,154,river_candidate;road_candidate
2509,se,2609,unreviewed,,248,89,0,708,144,river_candidate;road_candidate
2510,s,2511,unreviewed,,0,0,0,1,2,no_feature_candidate;strong_no_feature_candidate
2510,ne,2609,unreviewed,,0,16,29,146,51,road_candidate;rail_or_primary_candidate
2510,se,2610,unreviewed,,0,4,0,4,1,no_feature_candidate;strong_no_feature_candidate
2511,s,2512,unreviewed,,0,0,0,0,0,no_feature_candidate;strong_no_feature_candidate
2511,ne,2610,unreviewed,,0,0,0,0,0,no_feature_candidate;strong_no_feature_candidate
2511,se,2611,unreviewed,,0,0,0,0,0,no_feature_candidate;strong_no_feature_candidate
2512,s,2513,unreviewed,,0,0,0,0,1,no_feature_candidate;strong_no_feature_candidate
2512,ne,2611,unreviewed,,0,2,0,2,0,no_feature_candidate;strong_no_feature_candidate
2512,se,2612,unreviewed,,0,0,0,0,0,no_feature_candidate;strong_no_feature_candidate
2513,s,2514,unreviewed,,0,0,0,0,0,no_feature_candidate;strong_no_feature_candidate
2513,ne,2612,unreviewed,,0,3,0,45,15,
2513,se,2613,unreviewed,,0,0,0,1,19,no_feature_candidate
2514,s,2515,unreviewed,,0,0,0,0,0,no_feature_candidate;strong_no_feature_candidate
2514,ne,2613,unreviewed,,0,1,0,1,0,no_feature_candidate;strong_no_feature_candidate
2514,se,2614,unreviewed,,0,4,0,75,5,
2515,s,2516,unreviewed,,0,16,1,37,3,road_candidate
2515,ne,2614,unreviewed,,0,5,0,22,4,road_candidate
2515,se,2615,unreviewed,,0,0,0,21,0,
2516,s,2517,unreviewed,,0,0,0,0,0,no_feature_candidate;strong_no_feature_candidate
2516,ne,2615,unreviewed,,0,0,0,0,0,no_feature_candidate;strong_no_feature_candidate
2516,se,2616,unreviewed,,0,0,29,85,2,rail_or_primary_candidate
2517,s,2518,unreviewed,,0,0,0,0,34,no_feature_candidate
2517,ne,2616,unreviewed,,0,0,0,17,16,
2517,se,2617,unreviewed,,201,28,0,413,124,river_candidate;road_candidate
2518,s,2519,unreviewed,,0,0,0,6,33,no_feature_candidate
2518,ne,2617,unreviewed,,284,37,0,602,149,river_candidate;road_candidate
2518,se,2618,unreviewed,,298,41,0,612,187,river_candidate;road_candidate
2519,s,2520,unreviewed,,264,34,0,524,103,river_candidate;road_candidate
2519,ne,2618,unreviewed,,327,58,0,628,198,river_candidate;road_candidate
2519,se,2619,unreviewed,,315,43,0,687,155,river_candidate;road_candidate
2520,s,2521,unreviewed,,0,44,58,168,46,road_candidate;rail_or_primary_candidate
2520,ne,2619,unreviewed,,0,3,188,232,63,rail_or_primary_candidate
2520,se,2620,unreviewed,,0,39,0,116,10,road_candidate
2521,s,2522,unreviewed,,0,22,3,120,53,road_candidate
2521,ne,2620,unreviewed,,0,1,0,2,0,no_feature_candidate;strong_no_feature_candidate
2521,se,2621,unreviewed,,0,0,0,0,4,no_feature_candidate;strong_no_feature_candidate
2522,s,2523,unreviewed,,257,33,0,526,100,river_candidate;road_candidate
2522,ne,2621,unreviewed,,0,2,7,76,7,
2522,se,2622,unreviewed,,0,25,1,141,60,road_candidate
2523,s,2524,unreviewed,,506,6,1,1124,207,river_candidate;road_candidate
2523,ne,2622,unreviewed,,288,43,0,708,164,river_candidate;road_candidate
2523,se,2623,unreviewed,,0,0,0,4,119,no_feature_candidate
2524,s,2525,unreviewed,,203,21,0,397,136,river_candidate;road_candidate
2524,ne,2623,unreviewed,,505,18,20,1440,221,river_candidate;road_candidate;rail_or_primary_candidate
2524,se,2624,unreviewed,,0,0,0,122,124,
2525,s,2526,unreviewed,,0,1,0,21,0,
2525,ne,2624,unreviewed,,274,36,0,707,194,river_candidate;road_candidate
2525,se,2625,unreviewed,,0,13,74,251,67,road_candidate;rail_or_primary_candidate
2526,s,2527,unreviewed,,0,0,0,3,0,no_feature_candidate;strong_no_feature_candidate
2526,ne,2625,unreviewed,,0,0,122,186,12,rail_or_primary_candidate
2526,se,2626,unreviewed,,0,0,0,1,1,no_feature_candidate;strong_no_feature_candidate
2527,s,2528,unreviewed,,0,208,69,602,62,road_candidate;rail_or_primary_candidate
2527,ne,2626,unreviewed,,0,2,51,98,7,rail_or_primary_candidate
2527,se,2627,unreviewed,,0,18,69,212,10,road_candidate;rail_or_primary_candidate
2528,s,2529,unreviewed,,0,70,92,315,65,road_candidate;rail_or_primary_candidate
2528,ne,2627,unreviewed,,0,20,0,145,26,road_candidate
2528,se,2628,unreviewed,,0,200,0,560,54,road_candidate
2529,s,2530,unreviewed,,0,25,3,52,36,road_candidate
2529,ne,2628,unreviewed,,0,139,0,353,58,road_candidate
2529,se,2629,unreviewed,,0,111,0,238,93,road_candidate
2530,s,2531,unreviewed,,0,13,69,107,45,road_candidate;rail_or_primary_candidate
2530,ne,2629,unreviewed,,222,106,5,578,152,river_candidate;road_candidate
2530,se,2630,unreviewed,,193,90,27,626,124,river_candidate;road_candidate;rail_or_primary_candidate
2531,s,2532,unreviewed,,264,22,0,548,141,river_candidate;road_candidate
2531,ne,2630,unreviewed,,335,153,10,1143,130,river_candidate;road_candidate;rail_or_primary_candidate
2531,se,2631,unreviewed,,248,102,12,841,200,river_candidate;road_candidate;rail_or_primary_candidate
2532,s,2533,unreviewed,,0,0,78,81,59,rail_or_primary_candidate
2532,ne,2631,unreviewed,,187,70,3,667,138,river_candidate;road_candidate
2532,se,2632,unreviewed,,155,74,103,878,144,river_candidate;road_candidate;rail_or_primary_candidate
2533,s,2534,unreviewed,,0,0,0,43,38,
2533,ne,2632,unreviewed,,274,121,3,855,166,river_candidate;road_candidate
2533,se,2633,unreviewed,,263,97,5,770,151,river_candidate;road_candidate
2534,ne,2633,unreviewed,,309,122,15,1110,168,river_candidate;road_candidate;rail_or_primary_candidate
2534,se,2634,unreviewed,,224,57,2,809,205,river_candidate;road_candidate
2600,s,2601,unreviewed,,0,0,0,0,35,no_feature_candidate
2600,ne,2700,unreviewed,,0,0,0,0,1,no_feature_candidate;strong_no_feature_candidate
2600,se,2701,unreviewed,,0,0,0,6,0,no_feature_candidate;strong_no_feature_candidate
2601,s,2602,unreviewed,,0,0,96,425,43,rail_or_primary_candidate
2601,ne,2701,unreviewed,,0,8,6,72,4,road_candidate
2601,se,2702,unreviewed,,0,4,49,97,36,rail_or_primary_candidate
2602,s,2603,unreviewed,,0,179,0,470,178,road_candidate
2602,ne,2702,unreviewed,,0,0,261,447,73,rail_or_primary_candidate
2602,se,2703,unreviewed,,0,22,14,168,33,road_candidate;rail_or_primary_candidate
2603,s,2604,unreviewed,,0,189,47,441,131,road_candidate;rail_or_primary_candidate
2603,ne,2703,unreviewed,,0,150,0,352,84,road_candidate
2603,se,2704,unreviewed,,0,147,0,338,85,road_candidate
2604,s,2605,unreviewed,,0,0,52,85,7,rail_or_primary_candidate
2604,ne,2704,unreviewed,,0,2,0,2,32,no_feature_candidate
2604,se,2705,unreviewed,,0,0,0,3,1,no_feature_candidate;strong_no_feature_candidate
2605,s,2606,unreviewed,,0,3,0,91,80,
2605,ne,2705,unreviewed,,0,0,0,2,1,no_feature_candidate;strong_no_feature_candidate
2605,se,2706,unreviewed,,0,0,0,0,4,no_feature_candidate;strong_no_feature_candidate
2606,s,2607,unreviewed,,0,2,1,206,84,
2606,ne,2706,unreviewed,,0,9,0,97,2,road_candidate
2606,se,2707,unreviewed,,0,13,50,160,12,road_candidate;rail_or_primary_candidate
2607,s,2608,unreviewed,,542,24,0,1111,317,river_candidate;road_candidate
2607,ne,2707,unreviewed,,0,2,9,224,49,
2607,se,2708,unreviewed,,0,95,7,452,136,road_candidate
2608,s,2609,unreviewed,,0,14,32,161,47,road_candidate;rail_or_primary_candidate
2608,ne,2708,unreviewed,,532,36,5,1285,286,river_candidate;road_candidate
2608,se,2709,unreviewed,,0,22,53,225,86,road_candidate;rail_or_primary_candidate
2609,s,2610,unreviewed,,0,9,0,22,2,road_candidate
2609,ne,2709,unreviewed,,0,13,0,37,1,road_candidate
2609,se,2710,unreviewed,,0,0,0,2,1,no_feature_candidate;strong_no_feature_candidate
2610,s,2611,unreviewed,,0,0,0,0,0,no_feature_candidate;strong_no_feature_candidate
2610,ne,2710,unreviewed,,0,0,0,21,0,
2610,se,2711,unreviewed,,0,15,0,27,5,road_candidate
2611,s,2612,unreviewed,,0,0,0,0,0,no_feature_candidate;strong_no_feature_candidate
2611,ne,2711,unreviewed,,0,3,0,3,1,no_feature_candidate;strong_no_feature_candidate
2611,se,2712,unreviewed,,0,1,0,1,1,no_feature_candidate;strong_no_feature_candidate
2612,s,2613,unreviewed,,212,35,0,430,144,river_candidate;road_candidate
2612,ne,2712,unreviewed,,0,0,0,1,0,no_feature_candidate;strong_no_feature_candidate
2612,se,2713,unreviewed,,0,0,0,83,41,
2613,s,2614,unreviewed,,0,1,0,3,2,no_feature_candidate;strong_no_feature_candidate
2613,ne,2713,unreviewed,,300,43,0,651,191,river_candidate;road_candidate
2613,se,2714,unreviewed,,0,0,0,0,43,no_feature_candidate
2614,s,2615,unreviewed,,0,0,0,0,3,no_feature_candidate;strong_no_feature_candidate
2614,ne,2714,unreviewed,,0,25,0,37,6,road_candidate
2614,se,2715,unreviewed,,0,32,0,61,6,road_candidate
2615,s,2616,unreviewed,,0,0,0,3,1,no_feature_candidate;strong_no_feature_candidate
2615,ne,2715,unreviewed,,0,0,0,0,0,no_feature_candidate;strong_no_feature_candidate
2615,se,2716,unreviewed,,0,0,0,0,0,no_feature_candidate;strong_no_feature_candidate
2616,s,2617,unreviewed,,0,2,0,2,22,no_feature_candidate
2616,ne,2716,unreviewed,,0,1,0,1,0,no_feature_candidate;strong_no_feature_candidate
2616,se,2717,unreviewed,,0,0,0,0,0,no_feature_candidate;strong_no_feature_candidate
2617,s,2618,unreviewed,,0,0,0,0,34,no_feature_candidate
2617,ne,2717,unreviewed,,0,0,0,0,0,no_feature_candidate;strong_no_feature_candidate
2617,se,2718,unreviewed,,0,1,0,1,0,no_feature_candidate;strong_no_feature_candidate
2618,s,2619,unreviewed,,0,0,0,1,35,no_feature_candidate
2618,ne,2718,unreviewed,,0,0,0,0,0,no_feature_candidate;strong_no_feature_candidate
2618,se,2719,unreviewed,,0,2,0,2,1,no_feature_candidate;strong_no_feature_candidate
2619,s,2620,unreviewed,,0,0,0,263,0,
2619,ne,2719,unreviewed,,0,1,0,2,0,no_feature_candidate;strong_no_feature_candidate
2619,se,2720,unreviewed,,0,0,6,84,0,
2620,s,2621,unreviewed,,0,0,0,0,0,no_feature_candidate;strong_no_feature_candidate
2620,ne,2720,unreviewed,,0,34,0,61,12,road_candidate
2620,se,2721,unreviewed,,0,1,0,2,1,no_feature_candidate;strong_no_feature_candidate
2621,s,2622,unreviewed,,0,0,0,22,9,
2621,ne,2721,unreviewed,,0,2,0,3,0,no_feature_candidate;strong_no_feature_candidate
2621,se,2722,unreviewed,,0,1,0,1,0,no_feature_candidate;strong_no_feature_candidate
2622,s,2623,unreviewed,,260,50,0,527,139,river_candidate;road_candidate
2622,ne,2722,unreviewed,,0,3,0,13,1,
2622,se,2723,unreviewed,,0,17,20,157,53,road_candidate;rail_or_primary_candidate
2623,s,2624,unreviewed,,656,17,0,1247,321,river_candidate;road_candidate
2623,ne,2723,unreviewed,,301,36,0,614,247,river_candidate;road_candidate
2623,se,2724,unreviewed,,668,35,0,1446,279,river_candidate;road_candidate
2624,s,2625,unreviewed,,273,21,0,843,170,river_candidate;road_candidate
2624,ne,2724,unreviewed,,0,0,0,60,102,
2624,se,2725,unreviewed,,0,243,0,679,141,road_candidate
2625,s,2626,unreviewed,,0,0,0,0,1,no_feature_candidate;strong_no_feature_candidate
2625,ne,2725,unreviewed,,0,82,111,596,82,road_candidate;rail_or_primary_candidate
2625,se,2726,unreviewed,,0,4,52,102,42,rail_or_primary_candidate
2626,s,2627,unreviewed,,0,0,0,0,0,no_feature_candidate;strong_no_feature_candidate
2626,ne,2726,unreviewed,,0,1,38,97,9,rail_or_primary_candidate
2626,se,2727,unreviewed,,0,0,0,16,0,
2627,s,2628,unreviewed,,0,0,0,71,19,
2627,ne,2727,unreviewed,,0,0,154,230,31,rail_or_primary_candidate
2627,se,2728,unreviewed,,0,38,70,192,11,road_candidate;rail_or_primary_candidate
2628,s,2629,unreviewed,,0,214,69,603,52,road_candidate;rail_or_primary_candidate
2628,ne,2728,unreviewed,,0,0,178,319,25,rail_or_primary_candidate
2628,se,2729,unreviewed,,0,39,0,67,11,road_candidate
2629,s,2630,unreviewed,,0,193,0,478,59,road_candidate
2629,ne,2729,unreviewed,,0,0,0,19,0,
2629,se,2730,unreviewed,,0,2,0,56,2,
2630,s,2631,unreviewed,,0,241,75,712,91,road_candidate;rail_or_primary_candidate
2630,ne,2730,unreviewed,,0,20,0,48,6,road_candidate
2630,se,2731,unreviewed,,0,17,0,43,4,road_candidate
2631,s,2632,unreviewed,,0,206,0,559,80,road_candidate
2631,ne,2731,unreviewed,,0,3,0,3,1,no_feature_candidate;strong_no_feature_candidate
2631,se,2732,unreviewed,,0,0,0,1,1,no_feature_candidate;strong_no_feature_candidate
2632,s,2633,unreviewed,,0,164,126,733,78,road_candidate;rail_or_primary_candidate
2632,ne,2732,unreviewed,,0,0,0,0,0,no_feature_candidate;strong_no_feature_candidate
2632,se,2733,unreviewed,,0,1,0,14,2,
2633,s,2634,unreviewed,,0,125,124,604,138,road_candidate;rail_or_primary_candidate
2633,ne,2733,unreviewed,,0,1,0,16,14,
2633,se,2734,unreviewed,,0,253,0,697,74,road_candidate
2634,ne,2734,unreviewed,,30,136,53,809,211,river_candidate;road_candidate;rail_or_primary_candidate
2700,s,2701,unreviewed,,0,7,0,19,2,road_candidate
2700,se,2800,unreviewed,,0,8,0,20,4,road_candidate
2701,s,2702,unreviewed,,0,0,34,162,16,rail_or_primary_candidate
2701,ne,2800,unreviewed,,0,27,9,141,13,road_candidate
2701,se,2801,unreviewed,,0,13,32,182,14,road_candidate;rail_or_primary_candidate
2702,s,2703,unreviewed,,0,31,2,178,18,road_candidate
2702,ne,2801,unreviewed,,0,30,48,168,29,road_candidate;rail_or_primary_candidate
2702,se,2802,unreviewed,,0,15,0,65,0,road_candidate
2703,s,2704,unreviewed,,0,0,0,0,19,no_feature_candidate
2703,ne,2802,unreviewed,,0,1,0,2,2,no_feature_candidate;strong_no_feature_candidate
2703,se,2803,unreviewed,,0,0,0,0,1,no_feature_candidate;strong_no_feature_candidate
2704,s,2705,unreviewed,,0,26,2,54,5,road_candidate
2704,ne,2803,unreviewed,,0,2,0,2,2,no_feature_candidate;strong_no_feature_candidate
2704,se,2804,unreviewed,,0,12,0,31,3,road_candidate
2705,s,2706,unreviewed,,0,25,1,43,5,road_candidate
2705,ne,2804,unreviewed,,0,0,0,5,0,no_feature_candidate;strong_no_feature_candidate
2705,se,2805,unreviewed,,0,17,0,40,2,road_candidate
2706,s,2707,unreviewed,,0,0,0,1,3,no_feature_candidate;strong_no_feature_candidate
2706,ne,2805,unreviewed,,0,0,0,3,0,no_feature_candidate;strong_no_feature_candidate
2706,se,2806,unreviewed,,0,0,0,1,0,no_feature_candidate;strong_no_feature_candidate
2707,s,2708,unreviewed,,0,114,62,367,127,road_candidate;rail_or_primary_candidate
2707,ne,2806,unreviewed,,0,0,0,0,0,no_feature_candidate;strong_no_feature_candidate
2707,se,2807,unreviewed,,0,0,0,1,24,no_feature_candidate
2708,s,2709,unreviewed,,233,55,71,996,228,river_candidate;road_candidate;rail_or_primary_candidate
2708,ne,2807,unreviewed,,0,123,61,590,159,road_candidate;rail_or_primary_candidate
2708,se,2808,unreviewed,,547,69,30,1568,264,river_candidate;road_candidate;rail_or_primary_candidate
2709,s,2710,unreviewed,,0,1,50,83,7,rail_or_primary_candidate
2709,ne,2808,unreviewed,,0,0,0,33,81,
2709,se,2809,unreviewed,,0,0,0,0,0,no_feature_candidate;strong_no_feature_candidate
2710,s,2711,unreviewed,,0,0,0,0,2,no_feature_candidate;strong_no_feature_candidate
2710,ne,2809,unreviewed,,0,0,0,0,0,no_feature_candidate;strong_no_feature_candidate
2710,se,2810,unreviewed,,0,0,48,103,7,rail_or_primary_candidate
2711,s,2712,unreviewed,,0,33,1,66,4,road_candidate
2711,ne,2810,unreviewed,,0,0,0,5,1,no_feature_candidate;strong_no_feature_candidate
2711,se,2811,unreviewed,,0,0,0,0,0,no_feature_candidate;strong_no_feature_candidate
2712,s,2713,unreviewed,,0,11,2,34,0,road_candidate
2712,ne,2811,unreviewed,,0,0,0,1,2,no_feature_candidate;strong_no_feature_candidate
2712,se,2812,unreviewed,,0,1,0,2,1,no_feature_candidate;strong_no_feature_candidate
2713,s,2714,unreviewed,,283,38,0,561,166,river_candidate;road_candidate
2713,ne,2812,unreviewed,,0,0,0,22,1,
2713,se,2813,unreviewed,,0,3,0,61,39,
2714,s,2715,unreviewed,,0,0,0,16,0,
2714,ne,2813,unreviewed,,241,74,0,633,153,river_candidate;road_candidate
2714,se,2814,unreviewed,,0,3,0,11,41,
2715,s,2716,unreviewed,,0,0,0,0,0,no_feature_candidate;strong_no_feature_candidate
2715,ne,2814,unreviewed,,0,1,0,13,0,
2715,se,2815,unreviewed,,0,4,0,15,1,
2716,s,2717,unreviewed,,0,0,0,0,0,no_feature_candidate;strong_no_feature_candidate
2716,ne,2815,unreviewed,,0,0,0,0,0,no_feature_candidate;strong_no_feature_candidate
2716,se,2816,unreviewed,,0,0,0,1,0,no_feature_candidate;strong_no_feature_candidate
2717,s,2718,unreviewed,,0,0,0,0,0,no_feature_candidate;strong_no_feature_candidate
2717,ne,2816,unreviewed,,0,0,0,0,0,no_feature_candidate;strong_no_feature_candidate
2717,se,2817,unreviewed,,0,0,0,0,0,no_feature_candidate;strong_no_feature_candidate
2718,s,2719,unreviewed,,0,0,0,0,0,no_feature_candidate;strong_no_feature_candidate
2718,ne,2817,unreviewed,,0,2,0,2,1,no_feature_candidate;strong_no_feature_candidate
2718,se,2818,unreviewed,,0,0,0,0,0,no_feature_candidate;strong_no_feature_candidate
2719,s,2720,unreviewed,,0,0,0,0,0,no_feature_candidate;strong_no_feature_candidate
2719,ne,2818,unreviewed,,0,0,0,0,0,no_feature_candidate;strong_no_feature_candidate
2719,se,2819,unreviewed,,0,0,0,0,0,no_feature_candidate;strong_no_feature_candidate
2720,s,2721,unreviewed,,0,0,0,65,0,
2720,ne,2819,unreviewed,,0,0,0,0,0,no_feature_candidate;strong_no_feature_candidate
2720,se,2820,unreviewed,,0,26,0,55,4,road_candidate
2721,s,2722,unreviewed,,0,1,0,1,2,no_feature_candidate;strong_no_feature_candidate
2721,ne,2820,unreviewed,,0,4,0,4,4,no_feature_candidate;strong_no_feature_candidate
2721,se,2821,unreviewed,,0,2,0,4,2,no_feature_candidate;strong_no_feature_candidate
2722,s,2723,unreviewed,,0,0,0,0,0,no_feature_candidate;strong_no_feature_candidate
2722,ne,2821,unreviewed,,0,0,0,1,1,no_feature_candidate;strong_no_feature_candidate
2722,se,2822,unreviewed,,0,0,0,0,0,no_feature_candidate;strong_no_feature_candidate
2723,s,2724,unreviewed,,519,57,3,1324,253,river_candidate;road_candidate
2723,ne,2822,unreviewed,,0,2,0,3,0,no_feature_candidate;strong_no_feature_candidate
2723,se,2823,unreviewed,,0,1,63,129,83,rail_or_primary_candidate
2724,s,2725,unreviewed,,0,123,77,389,110,road_candidate;rail_or_primary_candidate
2724,ne,2823,unreviewed,,590,27,4,1401,285,river_candidate;road_candidate
2724,se,2824,unreviewed,,0,0,0,192,127,
2725,s,2726,unreviewed,,0,175,58,468,63,road_candidate;rail_or_primary_candidate
2725,ne,2824,unreviewed,,0,143,50,800,126,road_candidate;rail_or_primary_candidate
2725,se,2825,unreviewed,,0,182,138,715,115,road_candidate;rail_or_primary_candidate
2726,s,2727,unreviewed,,0,35,1,70,6,road_candidate
2726,ne,2825,unreviewed,,0,0,5,6,33,no_feature_candidate
2726,se,2826,unreviewed,,0,1,58,100,7,rail_or_primary_candidate
2727,s,2728,unreviewed,,0,0,0,68,0,
2727,ne,2826,unreviewed,,0,2,0,14,1,
2727,se,2827,unreviewed,,0,16,0,32,3,road_candidate
2728,s,2729,unreviewed,,0,15,0,188,0,road_candidate
2728,ne,2827,unreviewed,,0,1,0,18,10,
2728,se,2828,unreviewed,,0,7,0,171,12,road_candidate
2729,s,2730,unreviewed,,0,26,2,50,5,road_candidate
2729,ne,2828,unreviewed,,0,23,0,46,2,road_candidate
2729,se,2829,unreviewed,,0,1,0,1,1,no_feature_candidate;strong_no_feature_candidate
2730,s,2731,unreviewed,,0,29,0,43,1,road_candidate
2730,ne,2829,unreviewed,,0,3,0,4,1,no_feature_candidate;strong_no_feature_candidate
2730,se,2830,unreviewed,,0,1,0,11,1,
2731,s,2732,unreviewed,,0,28,1,40,7,road_candidate
2731,ne,2830,unreviewed,,0,1,0,1,2,no_feature_candidate;strong_no_feature_candidate
2731,se,2831,unreviewed,,0,0,0,0,0,no_feature_candidate;strong_no_feature_candidate
2732,s,2733,unreviewed,,0,0,0,1,0,no_feature_candidate;strong_no_feature_candidate
2732,ne,2831,unreviewed,,0,0,0,1,0,no_feature_candidate;strong_no_feature_candidate
2732,se,2832,unreviewed,,0,8,0,23,0,road_candidate
2733,s,2734,unreviewed,,0,0,69,94,11,rail_or_primary_candidate
2733,ne,2832,unreviewed,,0,0,0,1,0,no_feature_candidate;strong_no_feature_candidate
2733,se,2833,unreviewed,,0,0,0,1,0,no_feature_candidate;strong_no_feature_candidate
2734,ne,2833,unreviewed,,0,3,0,145,23,
2734,se,2834,unreviewed,,590,17,1,1675,229,river_candidate;road_candidate
2800,s,2801,unreviewed,,0,0,50,220,13,rail_or_primary_candidate
2800,ne,2900,unreviewed,,0,16,21,161,8,road_candidate;rail_or_primary_candidate
2800,se,2901,unreviewed,,0,0,67,194,23,rail_or_primary_candidate
2801,s,2802,unreviewed,,0,0,0,4,0,no_feature_candidate;strong_no_feature_candidate
2801,ne,2901,unreviewed,,0,0,0,1,20,no_feature_candidate
2801,se,2902,unreviewed,,0,1,47,86,8,rail_or_primary_candidate
2802,s,2803,unreviewed,,0,0,0,0,0,no_feature_candidate;strong_no_feature_candidate
2802,ne,2902,unreviewed,,0,2,0,2,2,no_feature_candidate;strong_no_feature_candidate
2802,se,2903,unreviewed,,0,1,0,1,1,no_feature_candidate;strong_no_feature_candidate
2803,s,2804,unreviewed,,0,0,0,0,0,no_feature_candidate;strong_no_feature_candidate
2803,ne,2903,unreviewed,,0,2,0,2,0,no_feature_candidate;strong_no_feature_candidate
2803,se,2904,unreviewed,,0,2,0,3,2,no_feature_candidate;strong_no_feature_candidate
2804,s,2805,unreviewed,,0,1,0,2,1,no_feature_candidate;strong_no_feature_candidate
2804,ne,2904,unreviewed,,0,46,0,72,6,road_candidate
2804,se,2905,unreviewed,,0,0,0,0,0,no_feature_candidate;strong_no_feature_candidate
2805,s,2806,unreviewed,,0,26,2,67,39,road_candidate
2805,ne,2905,unreviewed,,0,0,0,97,42,
2805,se,2906,unreviewed,,378,66,0,942,186,river_candidate;road_candidate
2806,s,2807,unreviewed,,0,28,1,54,37,road_candidate
2806,ne,2906,unreviewed,,326,42,0,608,183,river_candidate;road_candidate
2806,se,2907,unreviewed,,306,41,0,600,162,river_candidate;road_candidate
2807,s,2808,unreviewed,,541,21,9,1044,302,river_candidate;road_candidate
2807,ne,2907,unreviewed,,152,73,52,611,145,river_candidate;road_candidate;rail_or_primary_candidate
2807,se,2908,unreviewed,,266,68,0,663,221,river_candidate;road_candidate
2808,s,2809,unreviewed,,0,0,0,0,72,no_feature_candidate
2808,ne,2908,unreviewed,,591,46,0,1313,300,river_candidate;road_candidate
2808,se,2909,unreviewed,,600,25,0,1293,290,river_candidate;road_candidate
2809,s,2810,unreviewed,,0,0,0,4,76,no_feature_candidate
2809,ne,2909,unreviewed,,614,28,0,1266,307,river_candidate;road_candidate
2809,se,2910,unreviewed,,609,36,0,1254,305,river_candidate;road_candidate
2810,s,2811,unreviewed,,0,0,51,92,2,rail_or_primary_candidate
2810,ne,2910,unreviewed,,597,17,0,1251,275,river_candidate;road_candidate
2810,se,2911,unreviewed,,0,0,0,41,72,
2811,s,2812,unreviewed,,0,0,58,92,7,rail_or_primary_candidate
2811,ne,2911,unreviewed,,0,0,0,0,0,no_feature_candidate;strong_no_feature_candidate
2811,se,2912,unreviewed,,0,0,0,0,0,no_feature_candidate;strong_no_feature_candidate
2812,s,2813,unreviewed,,0,1,66,102,9,rail_or_primary_candidate
2812,ne,2912,unreviewed,,0,0,0,0,0,no_feature_candidate;strong_no_feature_candidate
2812,se,2913,unreviewed,,0,0,0,0,0,no_feature_candidate;strong_no_feature_candidate
2813,s,2814,unreviewed,,140,51,66,580,133,river_candidate;road_candidate;rail_or_primary_candidate
2813,ne,2913,unreviewed,,0,31,0,44,4,road_candidate
2813,se,2914,unreviewed,,0,0,184,421,69,rail_or_primary_candidate
2814,s,2815,unreviewed,,0,0,0,2,1,no_feature_candidate;strong_no_feature_candidate
2814,ne,2914,unreviewed,,325,41,0,699,200,river_candidate;road_candidate
2814,se,2915,unreviewed,,0,38,65,239,56,road_candidate;rail_or_primary_candidate
2815,s,2816,unreviewed,,0,0,0,0,0,no_feature_candidate;strong_no_feature_candidate
2815,ne,2915,unreviewed,,0,0,0,12,0,
2815,se,2916,unreviewed,,0,25,0,43,5,road_candidate
2816,s,2817,unreviewed,,0,5,0,5,1,road_candidate;no_feature_candidate;strong_no_feature_candidate
2816,ne,2916,unreviewed,,0,1,0,1,0,no_feature_candidate;strong_no_feature_candidate
2816,se,2917,unreviewed,,0,2,0,6,1,no_feature_candidate;strong_no_feature_candidate
2817,s,2818,unreviewed,,0,0,0,0,0,no_feature_candidate;strong_no_feature_candidate
2817,ne,2917,unreviewed,,0,0,0,43,1,
2817,se,2918,unreviewed,,0,0,0,0,0,no_feature_candidate;strong_no_feature_candidate
2818,s,2819,unreviewed,,0,1,0,1,1,no_feature_candidate;strong_no_feature_candidate
2818,ne,2918,unreviewed,,0,2,0,3,1,no_feature_candidate;strong_no_feature_candidate
2818,se,2919,unreviewed,,0,1,0,1,3,no_feature_candidate;strong_no_feature_candidate
2819,s,2820,unreviewed,,0,0,0,0,0,no_feature_candidate;strong_no_feature_candidate
2819,ne,2919,unreviewed,,0,1,0,1,1,no_feature_candidate;strong_no_feature_candidate
2819,se,2920,unreviewed,,0,0,0,0,0,no_feature_candidate;strong_no_feature_candidate
2820,s,2821,unreviewed,,0,0,0,96,36,
2820,ne,2920,unreviewed,,0,33,0,121,24,road_candidate
2820,se,2921,unreviewed,,240,45,0,462,175,river_candidate;road_candidate
2821,s,2822,unreviewed,,0,0,0,0,1,no_feature_candidate;strong_no_feature_candidate
2821,ne,2921,unreviewed,,342,76,0,1014,169,river_candidate;road_candidate
2821,se,2922,unreviewed,,0,0,0,0,40,no_feature_candidate
2822,s,2823,unreviewed,,0,0,0,0,1,no_feature_candidate;strong_no_feature_candidate
2822,ne,2922,unreviewed,,0,0,0,0,0,no_feature_candidate;strong_no_feature_candidate
2822,se,2923,unreviewed,,0,0,0,2,1,no_feature_candidate;strong_no_feature_candidate
2823,s,2824,unreviewed,,680,18,61,1385,344,river_candidate;road_candidate;rail_or_primary_candidate
2823,ne,2923,unreviewed,,0,0,0,1,1,no_feature_candidate;strong_no_feature_candidate
2823,se,2924,unreviewed,,0,2,0,129,97,
2824,s,2825,unreviewed,,258,11,0,530,97,river_candidate;road_candidate
2824,ne,2924,unreviewed,,359,33,82,1299,246,river_candidate;road_candidate;rail_or_primary_candidate
2824,se,2925,unreviewed,,285,42,0,677,192,river_candidate;road_candidate
2825,s,2826,unreviewed,,0,0,0,0,0,no_feature_candidate;strong_no_feature_candidate
2825,ne,2925,unreviewed,,0,0,126,436,71,rail_or_primary_candidate
2825,se,2926,unreviewed,,0,0,2,2,26,no_feature_candidate
2826,s,2827,unreviewed,,0,0,0,0,0,no_feature_candidate;strong_no_feature_candidate
2826,ne,2926,unreviewed,,0,0,0,0,1,no_feature_candidate;strong_no_feature_candidate
2826,se,2927,unreviewed,,0,2,46,77,5,rail_or_primary_candidate
2827,s,2828,unreviewed,,0,25,66,237,24,road_candidate;rail_or_primary_candidate
2827,ne,2927,unreviewed,,0,0,0,45,9,
2827,se,2928,unreviewed,,0,0,0,2,23,no_feature_candidate
2828,s,2829,unreviewed,,0,0,0,0,0,no_feature_candidate;strong_no_feature_candidate
2828,ne,2928,unreviewed,,0,14,4,122,19,road_candidate
2828,se,2929,unreviewed,,0,17,0,93,14,road_candidate
2829,s,2830,unreviewed,,0,0,0,0,0,no_feature_candidate;strong_no_feature_candidate
2829,ne,2929,unreviewed,,0,1,0,3,0,no_feature_candidate;strong_no_feature_candidate
2829,se,2930,unreviewed,,0,0,0,2,2,no_feature_candidate;strong_no_feature_candidate
2830,s,2831,unreviewed,,0,0,0,0,0,no_feature_candidate;strong_no_feature_candidate
2830,ne,2930,unreviewed,,0,0,0,0,0,no_feature_candidate;strong_no_feature_candidate
2830,se,2931,unreviewed,,0,0,0,0,0,no_feature_candidate;strong_no_feature_candidate
2831,s,2832,unreviewed,,0,0,81,87,6,rail_or_primary_candidate
2831,ne,2931,unreviewed,,0,1,0,1,1,no_feature_candidate;strong_no_feature_candidate
2831,se,2932,unreviewed,,0,1,0,1,1,no_feature_candidate;strong_no_feature_candidate
2832,s,2833,unreviewed,,0,0,0,0,0,no_feature_candidate;strong_no_feature_candidate
2832,ne,2932,unreviewed,,0,0,0,2,0,no_feature_candidate;strong_no_feature_candidate
2832,se,2933,unreviewed,,0,7,0,21,2,road_candidate
2833,s,2834,unreviewed,,4,6,19,477,15,road_candidate;rail_or_primary_candidate
2833,ne,2933,unreviewed,,0,1,0,2,0,no_feature_candidate;strong_no_feature_candidate
2833,se,2934,unreviewed,,0,29,0,139,21,road_candidate
2834,ne,2934,unreviewed,,6,15,0,95,82,road_candidate
2900,s,2901,reviewed,none,0,0,0,0,0,no_feature_candidate;strong_no_feature_candidate
2900,se,3000,reviewed,none,0,0,0,1,2,no_feature_candidate;strong_no_feature_candidate
2901,s,2902,reviewed,none,0,0,0,0,0,no_feature_candidate;strong_no_feature_candidate
2901,ne,3000,reviewed,none,0,2,0,2,1,no_feature_candidate;strong_no_feature_candidate
2901,se,3001,reviewed,none,0,2,0,3,1,no_feature_candidate;strong_no_feature_candidate
2902,s,2903,reviewed,none,0,0,0,0,0,no_feature_candidate;strong_no_feature_candidate
2902,ne,3001,reviewed,none,0,1,0,1,0,no_feature_candidate;strong_no_feature_candidate
2902,se,3002,reviewed,railroad,0,2,57,103,4,rail_or_primary_candidate
2903,s,2904,reviewed,none,0,0,0,1,0,no_feature_candidate;strong_no_feature_candidate
2903,ne,3002,reviewed,none,0,0,0,1,0,no_feature_candidate;strong_no_feature_candidate
2903,se,3003,reviewed,none,0,1,0,1,0,no_feature_candidate;strong_no_feature_candidate
2904,s,2905,unreviewed,,0,0,0,52,17,
2904,ne,3003,reviewed,none,0,0,0,0,0,no_feature_candidate;strong_no_feature_candidate
2904,se,3004,reviewed,secondary_road,0,42,0,65,27,road_candidate
2905,s,2906,unreviewed,,256,32,0,508,196,river_candidate;road_candidate
2905,ne,3004,unreviewed,,298,35,0,530,132,river_candidate;road_candidate
2905,se,3005,unreviewed,,269,32,0,603,126,river_candidate;road_candidate
2906,s,2907,unreviewed,,0,0,0,0,36,no_feature_candidate
2906,ne,3005,unreviewed,,0,1,0,1,41,no_feature_candidate
2906,se,3006,unreviewed,,0,0,0,7,1,no_feature_candidate;strong_no_feature_candidate
2907,s,2908,unreviewed,,0,0,0,29,32,
2907,ne,3006,unreviewed,,0,0,140,285,23,rail_or_primary_candidate
2907,se,3007,unreviewed,,0,60,56,212,26,road_candidate;rail_or_primary_candidate
2908,s,2909,unreviewed,,0,0,0,1,75,no_feature_candidate
2908,ne,3007,unreviewed,,0,0,0,1,3,no_feature_candidate;strong_no_feature_candidate
2908,se,3008,unreviewed,,0,19,0,30,5,road_candidate
2909,s,2910,unreviewed,,0,0,0,42,109,
2909,ne,3008,unreviewed,,0,0,0,18,37,
2909,se,3009,unreviewed,,310,39,0,687,178,river_candidate;road_candidate
2910,s,2911,unreviewed,,581,31,2,1117,312,river_candidate;road_candidate
2910,ne,3009,unreviewed,,332,48,0,647,207,river_candidate;road_candidate
2910,se,3010,unreviewed,,346,45,0,779,226,river_candidate;road_candidate
2911,s,2912,unreviewed,,0,0,0,0,0,no_feature_candidate;strong_no_feature_candidate
2911,ne,3010,unreviewed,,439,22,9,1288,271,river_candidate;road_candidate
2911,se,3011,unreviewed,,0,0,0,53,79,
2912,s,2913,unreviewed,,0,13,0,33,3,road_candidate
2912,ne,3011,unreviewed,,0,20,0,35,2,road_candidate
2912,se,3012,unreviewed,,0,0,0,3,0,no_feature_candidate;strong_no_feature_candidate
2913,s,2914,unreviewed,,0,0,0,53,0,
2913,ne,3012,unreviewed,,0,1,0,1,1,no_feature_candidate;strong_no_feature_candidate
2913,se,3013,unreviewed,,0,2,0,5,2,no_feature_candidate;strong_no_feature_candidate
2914,s,2915,unreviewed,,261,32,0,619,173,river_candidate;road_candidate
2914,ne,3013,unreviewed,,26,26,0,352,64,river_candidate;road_candidate
2914,se,3014,unreviewed,,273,40,0,865,184,river_candidate;road_candidate
2915,s,2916,unreviewed,,0,18,64,205,14,road_candidate;rail_or_primary_candidate
2915,ne,3014,unreviewed,,0,1,0,1,34,no_feature_candidate
2915,se,3015,unreviewed,,0,0,0,0,0,no_feature_candidate;strong_no_feature_candidate
2916,s,2917,unreviewed,,0,0,0,5,2,no_feature_candidate;strong_no_feature_candidate
2916,ne,3015,unreviewed,,0,0,0,29,17,
2916,se,3016,unreviewed,,0,27,39,175,37,road_candidate;rail_or_primary_candidate
2917,s,2918,unreviewed,,0,0,0,66,0,
2917,ne,3016,unreviewed,,0,0,0,73,0,
2917,se,3017,unreviewed,,0,0,97,176,16,rail_or_primary_candidate
2918,s,2919,unreviewed,,0,0,2,45,2,
2918,ne,3017,unreviewed,,0,5,0,44,5,road_candidate
2918,se,3018,unreviewed,,0,0,0,2,2,no_feature_candidate;strong_no_feature_candidate
2919,s,2920,unreviewed,,0,26,0,51,3,road_candidate
2919,ne,3018,unreviewed,,0,0,0,2,1,no_feature_candidate;strong_no_feature_candidate
2919,se,3019,unreviewed,,0,0,0,1,0,no_feature_candidate;strong_no_feature_candidate
2920,s,2921,unreviewed,,0,0,0,140,25,
2920,ne,3019,unreviewed,,0,0,0,0,0,no_feature_candidate;strong_no_feature_candidate
2920,se,3020,unreviewed,,0,0,99,196,13,rail_or_primary_candidate
2921,s,2922,unreviewed,,275,38,0,523,165,river_candidate;road_candidate
2921,ne,3020,unreviewed,,0,0,0,0,3,no_feature_candidate;strong_no_feature_candidate
2921,se,3021,unreviewed,,0,10,0,29,38,road_candidate
2922,s,2923,unreviewed,,0,0,0,0,44,no_feature_candidate
2922,ne,3021,unreviewed,,316,52,0,697,187,river_candidate;road_candidate
2922,se,3022,unreviewed,,283,37,0,635,172,river_candidate;road_candidate
2923,s,2924,unreviewed,,0,0,0,0,39,no_feature_candidate
2923,ne,3022,unreviewed,,288,38,0,655,177,river_candidate;road_candidate
2923,se,3023,unreviewed,,319,63,0,810,222,river_candidate;road_candidate
2924,s,2925,unreviewed,,538,36,1,1081,320,river_candidate;road_candidate
2924,ne,3023,unreviewed,,338,71,0,888,201,river_candidate;road_candidate
2924,se,3024,unreviewed,,205,45,79,758,201,river_candidate;road_candidate;rail_or_primary_candidate
2925,s,2926,unreviewed,,0,0,81,267,5,rail_or_primary_candidate
2925,ne,3024,unreviewed,,494,24,0,1233,250,river_candidate;road_candidate
2925,se,3025,unreviewed,,0,0,0,36,74,
2926,s,2927,unreviewed,,0,0,0,9,0,no_feature_candidate;strong_no_feature_candidate
2926,ne,3025,unreviewed,,0,0,0,2,1,no_feature_candidate;strong_no_feature_candidate
2926,se,3026,unreviewed,,0,3,0,3,0,no_feature_candidate;strong_no_feature_candidate
2927,s,2928,unreviewed,,187,10,0,587,90,river_candidate;road_candidate
2927,ne,3026,unreviewed,,0,1,43,80,38,rail_or_primary_candidate
2927,se,3027,unreviewed,,282,49,0,887,205,river_candidate;road_candidate
2928,s,2929,unreviewed,,0,4,0,132,22,
2928,ne,3027,unreviewed,,6,10,0,273,66,road_candidate
2928,se,3028,unreviewed,,0,0,0,3,4,no_feature_candidate;strong_no_feature_candidate
2929,s,2930,unreviewed,,0,0,0,0,1,no_feature_candidate;strong_no_feature_candidate
2929,ne,3028,unreviewed,,0,50,38,240,20,road_candidate;rail_or_primary_candidate
2929,se,3029,unreviewed,,0,0,0,0,0,no_feature_candidate;strong_no_feature_candidate
2930,s,2931,unreviewed,,0,30,0,47,1,road_candidate
2930,ne,3029,unreviewed,,0,0,0,0,0,no_feature_candidate;strong_no_feature_candidate
2930,se,3030,unreviewed,,0,0,112,182,17,rail_or_primary_candidate
2931,s,2932,unreviewed,,0,1,0,1,0,no_feature_candidate;strong_no_feature_candidate
2931,ne,3030,unreviewed,,0,0,0,0,2,no_feature_candidate;strong_no_feature_candidate
2931,se,3031,unreviewed,,0,0,0,0,0,no_feature_candidate;strong_no_feature_candidate
2932,s,2933,unreviewed,,0,0,0,0,53,no_feature_candidate
2932,ne,3031,unreviewed,,0,2,0,3,0,no_feature_candidate;strong_no_feature_candidate
2932,se,3032,unreviewed,,0,2,0,258,59,
2933,s,2934,unreviewed,,0,0,0,0,1,no_feature_candidate;strong_no_feature_candidate
2933,ne,3032,unreviewed,,0,1,94,476,72,rail_or_primary_candidate
2933,se,3033,unreviewed,,0,1,2,117,21,
2934,ne,3033,unreviewed,,0,46,0,242,19,road_candidate
2934,se,3034,unreviewed,,6,19,0,134,82,road_candidate
3000,s,3001,reviewed,none,0,0,0,0,1,no_feature_candidate;strong_no_feature_candidate
3000,ne,3100,reviewed,none,0,2,0,2,5,no_feature_candidate;strong_no_feature_candidate
3000,se,3101,reviewed,none,0,2,0,3,1,no_feature_candidate;strong_no_feature_candidate
3001,s,3002,reviewed,none,0,0,0,0,0,no_feature_candidate;strong_no_feature_candidate
3001,ne,3101,reviewed,none,0,0,0,0,1,no_feature_candidate;strong_no_feature_candidate
3001,se,3102,reviewed,none,0,1,0,4,0,no_feature_candidate;strong_no_feature_candidate
3002,s,3003,reviewed,railroad,0,3,54,91,6,rail_or_primary_candidate
3002,ne,3102,reviewed,none,0,0,0,2,1,no_feature_candidate;strong_no_feature_candidate
3002,se,3103,unreviewed,,0,1,0,1,1,no_feature_candidate;strong_no_feature_candidate
3003,s,3004,reviewed,none,0,0,0,47,3,
3003,ne,3103,unreviewed,,0,0,0,0,0,no_feature_candidate;strong_no_feature_candidate
3003,se,3104,unreviewed,,0,0,48,95,7,rail_or_primary_candidate
3004,s,3005,unreviewed,,0,2,0,3,42,no_feature_candidate
3004,ne,3104,unreviewed,,0,45,0,101,7,road_candidate
3004,se,3105,unreviewed,,0,0,0,2,1,no_feature_candidate;strong_no_feature_candidate
3005,s,3006,unreviewed,,0,14,4,62,47,road_candidate
3005,ne,3105,unreviewed,,0,19,0,47,53,road_candidate
3005,se,3106,unreviewed,,285,54,0,679,155,river_candidate;road_candidate
3006,s,3007,unreviewed,,0,40,4,93,50,road_candidate
3006,ne,3106,unreviewed,,308,30,0,638,160,river_candidate;road_candidate
3006,se,3107,unreviewed,,303,31,0,653,177,river_candidate;road_candidate
3007,s,3008,unreviewed,,0,0,0,0,39,no_feature_candidate
3007,ne,3107,unreviewed,,224,25,46,673,172,river_candidate;road_candidate;rail_or_primary_candidate
3007,se,3108,unreviewed,,246,66,0,623,147,river_candidate;road_candidate
3008,s,3009,unreviewed,,210,64,1,597,160,river_candidate;road_candidate
3008,ne,3108,unreviewed,,345,54,0,705,204,river_candidate;road_candidate
3008,se,3109,unreviewed,,327,48,0,891,151,river_candidate;road_candidate
3009,s,3010,unreviewed,,0,21,0,54,40,road_candidate
3009,ne,3109,unreviewed,,0,14,0,34,40,road_candidate
3009,se,3110,unreviewed,,0,5,0,21,2,road_candidate
3010,s,3011,unreviewed,,447,57,0,1030,274,river_candidate;road_candidate
3010,ne,3110,unreviewed,,0,9,0,52,48,road_candidate
3010,se,3111,unreviewed,,233,69,0,677,219,river_candidate;road_candidate
3011,s,3012,unreviewed,,0,1,0,127,76,
3011,ne,3111,unreviewed,,591,29,0,1417,281,river_candidate;road_candidate
3011,se,3112,unreviewed,,574,22,0,1210,318,river_candidate;road_candidate
3012,s,3013,unreviewed,,0,0,0,4,77,no_feature_candidate
3012,ne,3112,unreviewed,,609,18,0,1266,313,river_candidate;road_candidate
3012,se,3113,unreviewed,,604,29,0,1187,284,river_candidate;road_candidate
3013,s,3014,unreviewed,,266,30,0,765,246,river_candidate;road_candidate
3013,ne,3113,unreviewed,,590,29,0,1199,298,river_candidate;road_candidate
3013,se,3114,unreviewed,,596,38,0,1259,302,river_candidate;road_candidate
3014,s,3015,unreviewed,,0,0,0,0,0,no_feature_candidate;strong_no_feature_candidate
3014,ne,3114,unreviewed,,605,26,0,1277,285,river_candidate;road_candidate
3014,se,3115,unreviewed,,0,2,0,21,78,
3015,s,3016,unreviewed,,203,39,0,430,134,river_candidate;road_candidate
3015,ne,3115,unreviewed,,0,0,0,147,37,
3015,se,3116,unreviewed,,335,31,0,661,193,river_candidate;road_candidate
3016,s,3017,unreviewed,,0,38,65,208,14,road_candidate;rail_or_primary_candidate
3016,ne,3116,unreviewed,,0,3,0,37,35,
3016,se,3117,unreviewed,,0,12,0,35,3,road_candidate
3017,s,3018,unreviewed,,0,0,0,0,0,no_feature_candidate;strong_no_feature_candidate
3017,ne,3117,unreviewed,,0,0,0,3,1,no_feature_candidate;strong_no_feature_candidate
3017,se,3118,unreviewed,,0,26,70,213,14,road_candidate;rail_or_primary_candidate
3018,s,3019,unreviewed,,0,0,0,0,0,no_feature_candidate;strong_no_feature_candidate
3018,ne,3118,unreviewed,,0,0,0,7,1,no_feature_candidate;strong_no_feature_candidate
3018,se,3119,unreviewed,,0,0,0,0,0,no_feature_candidate;strong_no_feature_candidate
3019,s,3020,unreviewed,,0,0,0,0,0,no_feature_candidate;strong_no_feature_candidate
3019,ne,3119,unreviewed,,0,3,0,3,1,no_feature_candidate;strong_no_feature_candidate
3019,se,3120,unreviewed,,0,0,0,0,0,no_feature_candidate;strong_no_feature_candidate
3020,s,3021,unreviewed,,0,0,0,3,30,no_feature_candidate
3020,ne,3120,unreviewed,,0,0,0,0,0,no_feature_candidate;strong_no_feature_candidate
3020,se,3121,unreviewed,,0,0,0,29,19,
3021,s,3022,unreviewed,,0,33,3,62,91,road_candidate
3021,ne,3121,unreviewed,,233,25,0,476,177,river_candidate;road_candidate
3021,se,3122,unreviewed,,296,46,0,664,172,river_candidate;road_candidate
3022,s,3023,unreviewed,,264,43,0,546,118,river_candidate;road_candidate
3022,ne,3122,unreviewed,,311,46,0,670,186,river_candidate;road_candidate
3022,se,3123,unreviewed,,242,59,0,591,143,river_candidate;road_candidate
3023,s,3024,unreviewed,,0,0,0,1,35,no_feature_candidate
3023,ne,3123,unreviewed,,0,0,0,11,40,
3023,se,3124,unreviewed,,0,1,0,61,0,
3024,s,3025,unreviewed,,551,23,2,1076,281,river_candidate;road_candidate
3024,ne,3124,unreviewed,,0,31,58,184,12,road_candidate;rail_or_primary_candidate
3024,se,3125,unreviewed,,0,0,0,116,74,
3025,s,3026,unreviewed,,0,8,0,16,85,road_candidate
3025,ne,3125,unreviewed,,607,32,0,1251,293,river_candidate;road_candidate
3025,se,3126,unreviewed,,618,20,0,1201,288,river_candidate;road_candidate
3026,s,3027,unreviewed,,260,41,0,708,162,river_candidate;road_candidate
3026,ne,3126,unreviewed,,613,34,0,1295,293,river_candidate;road_candidate
3026,se,3127,unreviewed,,266,53,48,727,275,river_candidate;road_candidate;rail_or_primary_candidate
3027,s,3028,unreviewed,,0,0,0,0,0,no_feature_candidate;strong_no_feature_candidate
3027,ne,3127,unreviewed,,0,1,0,129,42,
3027,se,3128,unreviewed,,0,0,0,0,0,no_feature_candidate;strong_no_feature_candidate
3028,s,3029,unreviewed,,0,10,0,10,0,road_candidate;no_feature_candidate;strong_no_feature_candidate
3028,ne,3128,unreviewed,,0,0,0,3,0,no_feature_candidate;strong_no_feature_candidate
3028,se,3129,unreviewed,,0,48,45,202,13,road_candidate;rail_or_primary_candidate
3029,s,3030,unreviewed,,0,0,0,6,0,no_feature_candidate;strong_no_feature_candidate
3029,ne,3129,unreviewed,,0,3,134,248,22,rail_or_primary_candidate
3029,se,3130,unreviewed,,0,0,0,0,12,no_feature_candidate
3030,s,3031,unreviewed,,0,0,0,0,0,no_feature_candidate;strong_no_feature_candidate
3030,ne,3130,unreviewed,,0,0,191,331,24,rail_or_primary_candidate
3030,se,3131,unreviewed,,0,0,0,0,3,no_feature_candidate;strong_no_feature_candidate
3031,s,3032,unreviewed,,0,0,0,0,0,no_feature_candidate;strong_no_feature_candidate
3031,ne,3131,unreviewed,,0,0,0,0,0,no_feature_candidate;strong_no_feature_candidate
3031,se,3132,unreviewed,,0,0,0,1,0,no_feature_candidate;strong_no_feature_candidate
3032,s,3033,unreviewed,,0,5,51,522,17,road_candidate;rail_or_primary_candidate
3032,ne,3132,unreviewed,,0,0,0,191,27,
3032,se,3133,unreviewed,,0,2,78,583,54,rail_or_primary_candidate
3033,s,3034,unreviewed,,1,129,50,495,77,road_candidate;rail_or_primary_candidate
3033,ne,3133,unreviewed,,0,233,5,651,132,road_candidate
3033,se,3134,unreviewed,,259,35,3,936,111,river_candidate;road_candidate
3034,ne,3134,unreviewed,,286,8,0,930,129,river_candidate;road_candidate
3100,s,3101,reviewed,none,0,0,0,0,43,no_feature_candidate
3100,se,3200,reviewed,minor_river,260,32,0,591,145,river_candidate;road_candidate
3101,s,3102,reviewed,none,0,12,0,20,42,road_candidate
3101,ne,3200,reviewed,minor_river,327,39,0,608,178,river_candidate;road_candidate
3101,se,3201,reviewed,minor_river,308,44,0,615,169,river_candidate;road_candidate
3102,s,3103,unreviewed,,0,0,0,0,35,no_feature_candidate
3102,ne,3201,reviewed,minor_river,295,32,0,580,162,river_candidate;road_candidate
3102,se,3202,reviewed,minor_river,298,28,0,625,175,river_candidate;road_candidate
3103,s,3104,unreviewed,,0,0,0,0,43,no_feature_candidate
3103,ne,3202,unreviewed,,372,69,0,876,152,river_candidate;road_candidate
3103,se,3203,unreviewed,,352,50,0,836,149,river_candidate;road_candidate
3104,s,3105,unreviewed,,0,7,3,62,38,road_candidate
3104,ne,3203,unreviewed,,265,31,0,573,143,river_candidate;road_candidate
3104,se,3204,unreviewed,,246,73,10,670,172,river_candidate;road_candidate;rail_or_primary_candidate
3105,s,3106,unreviewed,,280,46,1,641,173,river_candidate;road_candidate
3105,ne,3204,unreviewed,,302,42,0,627,172,river_candidate;road_candidate
3105,se,3205,unreviewed,,298,47,0,647,208,river_candidate;road_candidate
3106,s,3107,unreviewed,,0,0,4,13,38,
3106,ne,3205,unreviewed,,297,56,0,681,199,river_candidate;road_candidate
3106,se,3206,unreviewed,,0,14,0,42,56,road_candidate
3107,s,3108,unreviewed,,0,0,1,8,42,no_feature_candidate
3107,ne,3206,unreviewed,,0,20,58,144,15,road_candidate;rail_or_primary_candidate
3107,se,3207,unreviewed,,0,5,0,17,4,road_candidate
3108,s,3109,unreviewed,,0,11,0,21,39,road_candidate
3108,ne,3207,unreviewed,,0,31,0,77,10,road_candidate
3108,se,3208,unreviewed,,0,7,0,24,0,road_candidate
3109,s,3110,unreviewed,,0,5,2,26,3,road_candidate
3109,ne,3208,unreviewed,,0,24,0,38,8,road_candidate
3109,se,3209,unreviewed,,0,11,0,19,4,road_candidate
3110,s,3111,unreviewed,,249,33,0,511,184,river_candidate;road_candidate
3110,ne,3209,unreviewed,,0,0,4,27,29,
3110,se,3210,unreviewed,,243,78,0,852,137,river_candidate;road_candidate
3111,s,3112,unreviewed,,0,31,10,388,81,road_candidate;rail_or_primary_candidate
3111,ne,3210,unreviewed,,0,21,0,110,31,road_candidate
3111,se,3211,unreviewed,,0,0,171,319,29,rail_or_primary_candidate
3112,s,3113,unreviewed,,0,0,0,0,74,no_feature_candidate
3112,ne,3211,unreviewed,,0,0,0,0,10,no_feature_candidate
3112,se,3212,unreviewed,,0,35,0,47,4,road_candidate
3113,s,3114,unreviewed,,0,0,0,19,75,
3113,ne,3212,unreviewed,,0,4,0,4,1,no_feature_candidate;strong_no_feature_candidate
3113,se,3213,unreviewed,,0,0,0,0,0,no_feature_candidate;strong_no_feature_candidate
3114,s,3115,unreviewed,,582,28,3,1094,234,river_candidate;road_candidate
3114,ne,3213,unreviewed,,19,9,1,373,88,road_candidate
3114,se,3214,unreviewed,,609,42,0,1254,292,river_candidate;road_candidate
3115,s,3116,unreviewed,,278,31,0,692,175,river_candidate;road_candidate
3115,ne,3214,unreviewed,,0,1,0,108,104,
3115,se,3215,unreviewed,,269,30,0,824,165,river_candidate;road_candidate
3116,s,3117,unreviewed,,0,0,0,0,0,no_feature_candidate;strong_no_feature_candidate
3116,ne,3215,unreviewed,,0,31,0,49,38,road_candidate
3116,se,3216,unreviewed,,0,2,0,2,0,no_feature_candidate;strong_no_feature_candidate
3117,s,3118,unreviewed,,0,0,0,0,2,no_feature_candidate;strong_no_feature_candidate
3117,ne,3216,unreviewed,,0,0,0,2,1,no_feature_candidate;strong_no_feature_candidate
3117,se,3217,unreviewed,,0,12,0,31,2,road_candidate
3118,s,3119,unreviewed,,0,27,59,143,7,road_candidate;rail_or_primary_candidate
3118,ne,3217,unreviewed,,0,3,0,21,0,
3118,se,3218,unreviewed,,0,0,0,1,1,no_feature_candidate;strong_no_feature_candidate
3119,s,3120,unreviewed,,0,0,0,0,0,no_feature_candidate;strong_no_feature_candidate
3119,ne,3218,unreviewed,,0,0,0,0,0,no_feature_candidate;strong_no_feature_candidate
3119,se,3219,unreviewed,,0,29,59,188,16,road_candidate;rail_or_primary_candidate
3120,s,3121,unreviewed,,0,0,0,0,0,no_feature_candidate;strong_no_feature_candidate
3120,ne,3219,unreviewed,,0,3,0,24,3,
3120,se,3220,unreviewed,,0,0,0,0,0,no_feature_candidate;strong_no_feature_candidate
3121,s,3122,unreviewed,,2,8,0,178,40,road_candidate
3121,ne,3220,unreviewed,,0,0,0,0,0,no_feature_candidate;strong_no_feature_candidate
3121,se,3221,unreviewed,,0,1,0,1,0,no_feature_candidate;strong_no_feature_candidate
3122,s,3123,unreviewed,,3,13,0,184,42,road_candidate
3122,ne,3221,unreviewed,,0,1,0,1,0,no_feature_candidate;strong_no_feature_candidate
3122,se,3222,unreviewed,,0,1,0,3,1,no_feature_candidate;strong_no_feature_candidate
3123,s,3124,unreviewed,,0,40,70,213,17,road_candidate;rail_or_primary_candidate
3123,ne,3222,unreviewed,,0,28,71,223,11,road_candidate;rail_or_primary_candidate
3123,se,3223,unreviewed,,0,0,0,16,0,
3124,s,3125,unreviewed,,0,0,0,0,0,no_feature_candidate;strong_no_feature_candidate
3124,ne,3223,unreviewed,,0,0,0,3,0,no_feature_candidate;strong_no_feature_candidate
3124,se,3224,unreviewed,,0,14,0,28,2,road_candidate
3125,s,3126,unreviewed,,0,1,0,1,75,no_feature_candidate
3125,ne,3224,unreviewed,,0,0,0,9,0,no_feature_candidate;strong_no_feature_candidate
3125,se,3225,unreviewed,,0,3,0,3,0,no_feature_candidate;strong_no_feature_candidate
3126,s,3127,unreviewed,,386,16,7,1085,193,river_candidate;road_candidate
3126,ne,3225,unreviewed,,0,2,0,148,76,
3126,se,3226,unreviewed,,627,33,0,1293,292,river_candidate;road_candidate
3127,s,3128,unreviewed,,0,0,0,0,0,no_feature_candidate;strong_no_feature_candidate
3127,ne,3226,unreviewed,,0,0,0,25,80,
3127,se,3227,unreviewed,,0,2,51,106,5,rail_or_primary_candidate
3128,s,3129,unreviewed,,0,0,0,11,0,
3128,ne,3227,unreviewed,,0,2,0,5,8,no_feature_candidate
3128,se,3228,unreviewed,,0,0,0,19,6,
3129,s,3130,unreviewed,,0,1,51,278,0,rail_or_primary_candidate
3129,ne,3228,unreviewed,,0,26,70,186,13,road_candidate;rail_or_primary_candidate
3129,se,3229,unreviewed,,0,18,129,259,29,road_candidate;rail_or_primary_candidate
3130,s,3131,unreviewed,,0,56,6,221,8,road_candidate
3130,ne,3229,unreviewed,,0,15,0,26,18,road_candidate
3130,se,3230,unreviewed,,0,2,0,155,1,
3131,s,3132,unreviewed,,0,24,1,45,1,road_candidate
3131,ne,3230,unreviewed,,0,4,0,4,5,no_feature_candidate;strong_no_feature_candidate
3131,se,3231,unreviewed,,0,0,0,0,0,no_feature_candidate;strong_no_feature_candidate
3132,s,3133,unreviewed,,0,17,2,40,57,road_candidate
3132,ne,3231,unreviewed,,0,1,0,2,0,no_feature_candidate;strong_no_feature_candidate
3132,se,3232,unreviewed,,0,0,0,0,17,no_feature_candidate
3133,s,3134,unreviewed,,83,49,85,1049,150,river_candidate;road_candidate;rail_or_primary_candidate
3133,ne,3232,unreviewed,,0,7,55,390,38,road_candidate;rail_or_primary_candidate
3133,se,3233,unreviewed,,0,232,0,648,126,road_candidate
3134,ne,3233,unreviewed,,281,29,121,1359,203,river_candidate;road_candidate;rail_or_primary_candidate
3134,se,3234,unreviewed,,686,12,13,1652,267,river_candidate;road_candidate;rail_or_primary_candidate
3200,s,3201,reviewed,railroad,0,0,14,84,47,rail_or_primary_candidate
3200,ne,3300,reviewed,railroad,0,1,46,113,9,rail_or_primary_candidate
3200,se,3301,reviewed,secondary_road,0,20,0,97,2,road_candidate
3201,s,3202,reviewed,railroad,0,1,33,88,43,rail_or_primary_candidate
3201,ne,3301,reviewed,none,0,0,0,0,4,no_feature_candidate;strong_no_feature_candidate
3201,se,3302,reviewed,none,0,0,0,0,0,no_feature_candidate;strong_no_feature_candidate
3202,s,3203,reviewed,none,0,0,0,0,39,no_feature_candidate
3202,ne,3302,reviewed,none,0,0,0,28,1,
3202,se,3303,reviewed,none,0,0,0,1,0,no_feature_candidate;strong_no_feature_candidate
3203,s,3204,reviewed,none,0,0,0,1,42,no_feature_candidate
3203,ne,3303,reviewed,none,0,2,0,3,1,no_feature_candidate;strong_no_feature_candidate
3203,se,3304,reviewed,none,0,0,0,1,0,no_feature_candidate;strong_no_feature_candidate
3204,s,3205,unreviewed,,0,10,0,19,39,road_candidate
3204,ne,3304,reviewed,secondary_road,0,39,0,67,4,road_candidate
3204,se,3305,unreviewed,,0,0,0,0,0,no_feature_candidate;strong_no_feature_candidate
3205,s,3206,unreviewed,,323,71,0,801,160,river_candidate;road_candidate
3205,ne,3305,unreviewed,,0,18,0,30,2,road_candidate
3205,se,3306,unreviewed,,0,13,0,24,33,road_candidate
3206,s,3207,unreviewed,,0,0,0,42,0,
3206,ne,3306,unreviewed,,252,53,0,708,126,river_candidate;road_candidate
3206,se,3307,unreviewed,,0,22,63,148,22,road_candidate;rail_or_primary_candidate
3207,s,3208,unreviewed,,0,0,0,0,1,no_feature_candidate;strong_no_feature_candidate
3207,ne,3307,unreviewed,,0,36,0,58,5,road_candidate
3207,se,3308,unreviewed,,0,0,0,1,1,no_feature_candidate;strong_no_feature_candidate
3208,s,3209,unreviewed,,0,5,0,21,4,road_candidate
3208,ne,3308,unreviewed,,0,2,142,296,29,rail_or_primary_candidate
3208,se,3309,unreviewed,,0,11,0,60,17,road_candidate
3209,s,3210,unreviewed,,0,23,3,119,22,road_candidate
3209,ne,3309,unreviewed,,0,21,3,68,9,road_candidate
3209,se,3310,unreviewed,,0,20,0,105,5,road_candidate
3210,s,3211,unreviewed,,0,0,0,2,0,no_feature_candidate;strong_no_feature_candidate
3210,ne,3310,unreviewed,,0,0,0,0,6,no_feature_candidate
3210,se,3311,unreviewed,,0,0,0,0,0,no_feature_candidate;strong_no_feature_candidate
3211,s,3212,unreviewed,,0,5,0,42,0,road_candidate
3211,ne,3311,unreviewed,,0,0,0,1,0,no_feature_candidate;strong_no_feature_candidate
3211,se,3312,unreviewed,,0,1,0,3,2,no_feature_candidate;strong_no_feature_candidate
3212,s,3213,unreviewed,,0,0,0,0,0,no_feature_candidate;strong_no_feature_candidate
3212,ne,3312,unreviewed,,0,7,0,27,3,road_candidate
3212,se,3313,unreviewed,,0,0,0,1,0,no_feature_candidate;strong_no_feature_candidate
3213,s,3214,unreviewed,,649,30,4,1233,328,river_candidate;road_candidate
3213,ne,3313,unreviewed,,0,4,92,197,19,rail_or_primary_candidate
3213,se,3314,unreviewed,,0,3,0,302,86,
3214,s,3215,unreviewed,,261,44,0,549,200,river_candidate;road_candidate
3214,ne,3314,unreviewed,,600,29,0,1230,316,river_candidate;road_candidate
3214,se,3315,unreviewed,,324,36,0,695,218,river_candidate;road_candidate
3215,s,3216,unreviewed,,0,0,0,1,0,no_feature_candidate;strong_no_feature_candidate
3215,ne,3315,unreviewed,,0,5,0,25,40,road_candidate
3215,se,3316,unreviewed,,0,0,0,0,0,no_feature_candidate;strong_no_feature_candidate
3216,s,3217,unreviewed,,0,3,0,4,1,no_feature_candidate;strong_no_feature_candidate
3216,ne,3316,unreviewed,,0,0,0,2,1,no_feature_candidate;strong_no_feature_candidate
3216,se,3317,unreviewed,,0,0,0,0,1,no_feature_candidate;strong_no_feature_candidate
3217,s,3218,unreviewed,,0,16,3,43,4,road_candidate
3217,ne,3317,unreviewed,,0,0,0,0,0,no_feature_candidate;strong_no_feature_candidate
3217,se,3318,unreviewed,,0,0,0,0,0,no_feature_candidate;strong_no_feature_candidate
3218,s,3219,unreviewed,,0,0,0,0,0,no_feature_candidate;strong_no_feature_candidate
3218,ne,3318,unreviewed,,0,0,0,0,0,no_feature_candidate;strong_no_feature_candidate
3218,se,3319,unreviewed,,0,18,0,36,3,road_candidate
3219,s,3220,unreviewed,,0,18,69,148,9,road_candidate;rail_or_primary_candidate
3219,ne,3319,unreviewed,,0,0,0,6,0,no_feature_candidate;strong_no_feature_candidate
3219,se,3320,unreviewed,,0,0,0,0,0,no_feature_candidate;strong_no_feature_candidate
3220,s,3221,unreviewed,,0,0,0,0,0,no_feature_candidate;strong_no_feature_candidate
3220,ne,3320,unreviewed,,0,0,0,0,0,no_feature_candidate;strong_no_feature_candidate
3220,se,3321,unreviewed,,0,20,60,187,11,road_candidate;rail_or_primary_candidate
3221,s,3222,unreviewed,,0,0,0,40,1,
3221,ne,3321,unreviewed,,0,0,0,5,0,no_feature_candidate;strong_no_feature_candidate
3221,se,3322,unreviewed,,0,1,154,282,19,rail_or_primary_candidate
3222,s,3223,unreviewed,,0,0,0,0,0,no_feature_candidate;strong_no_feature_candidate
3222,ne,3322,unreviewed,,0,55,40,231,14,road_candidate;rail_or_primary_candidate
3222,se,3323,unreviewed,,0,2,0,9,2,no_feature_candidate;strong_no_feature_candidate
3223,s,3224,unreviewed,,0,0,0,27,23,
3223,ne,3323,unreviewed,,0,0,0,1,4,no_feature_candidate;strong_no_feature_candidate
3223,se,3324,unreviewed,,0,3,0,32,22,
3224,s,3225,unreviewed,,17,32,1,232,51,road_candidate
3224,ne,3324,unreviewed,,242,46,0,534,148,river_candidate;road_candidate
3224,se,3325,unreviewed,,321,38,0,632,168,river_candidate;road_candidate
3225,s,3226,unreviewed,,554,21,2,1033,322,river_candidate;road_candidate
3225,ne,3325,unreviewed,,310,44,0,630,209,river_candidate;road_candidate
3225,se,3326,unreviewed,,221,73,0,678,191,river_candidate;road_candidate
3226,s,3227,unreviewed,,0,0,0,214,0,
3226,ne,3326,unreviewed,,541,22,0,1266,246,river_candidate;road_candidate
3226,se,3327,unreviewed,,0,0,180,276,80,rail_or_primary_candidate
3227,s,3228,unreviewed,,0,21,67,276,14,road_candidate;rail_or_primary_candidate
3227,ne,3327,unreviewed,,0,0,0,0,14,no_feature_candidate
3227,se,3328,unreviewed,,0,23,74,269,21,road_candidate;rail_or_primary_candidate
3228,s,3229,unreviewed,,0,0,55,93,7,rail_or_primary_candidate
3228,ne,3328,unreviewed,,0,0,0,0,0,no_feature_candidate;strong_no_feature_candidate
3228,se,3329,unreviewed,,0,0,0,0,0,no_feature_candidate;strong_no_feature_candidate
3229,s,3230,unreviewed,,0,25,3,60,4,road_candidate
3229,ne,3329,unreviewed,,0,0,0,2,0,no_feature_candidate;strong_no_feature_candidate
3229,se,3330,unreviewed,,0,1,51,91,8,rail_or_primary_candidate
3230,s,3231,unreviewed,,0,0,0,0,36,no_feature_candidate
3230,ne,3330,unreviewed,,0,0,0,13,28,
3230,se,3331,unreviewed,,0,203,3,468,111,road_candidate
3231,s,3232,unreviewed,,0,0,0,0,0,no_feature_candidate;strong_no_feature_candidate
3231,ne,3331,unreviewed,,0,210,4,476,46,road_candidate
3231,se,3332,unreviewed,,0,0,0,0,28,no_feature_candidate
3232,s,3233,unreviewed,,0,1,0,78,10,
3232,ne,3332,unreviewed,,0,0,0,0,0,no_feature_candidate;strong_no_feature_candidate
3232,se,3333,unreviewed,,0,6,71,543,23,road_candidate;rail_or_primary_candidate
3233,s,3234,unreviewed,,548,47,0,1217,301,river_candidate;road_candidate
3233,ne,3333,unreviewed,,0,1,86,220,21,rail_or_primary_candidate
3233,se,3334,unreviewed,,1,0,0,99,82,
3234,ne,3334,unreviewed,,612,13,0,1267,241,river_candidate;road_candidate
3234,se,3335,unreviewed,,0,29,0,91,74,road_candidate
3241,ne,3341,unreviewed,,0,2,0,2,1,no_feature_candidate;strong_no_feature_candidate
3241,se,3342,unreviewed,,0,0,98,166,21,rail_or_primary_candidate
3300,s,3301,reviewed,none,0,0,0,4,0,no_feature_candidate;strong_no_feature_candidate
3300,se,3400,reviewed,railroad,0,0,0,73,9,
3301,s,3302,reviewed,secondary_road,0,26,1,52,9,road_candidate
3301,ne,3400,reviewed,none,0,0,0,0,0,no_feature_candidate;strong_no_feature_candidate
3301,se,3401,reviewed,none,0,0,0,2,0,no_feature_candidate;strong_no_feature_candidate
3302,s,3303,reviewed,none,0,0,0,0,0,no_feature_candidate;strong_no_feature_candidate
3302,ne,3401,reviewed,none,0,0,0,0,0,no_feature_candidate;strong_no_feature_candidate
3302,se,3402,reviewed,secondary_road,0,13,0,30,2,road_candidate
3303,s,3304,reviewed,none,0,0,0,0,1,no_feature_candidate;strong_no_feature_candidate
3303,ne,3402,reviewed,none,0,1,0,5,0,no_feature_candidate;strong_no_feature_candidate
3303,se,3403,reviewed,none,0,1,0,1,0,no_feature_candidate;strong_no_feature_candidate
3304,s,3305,unreviewed,,0,2,0,2,0,no_feature_candidate;strong_no_feature_candidate
3304,ne,3403,reviewed,none,0,1,0,1,2,no_feature_candidate;strong_no_feature_candidate
3304,se,3404,reviewed,secondary_road,0,37,0,86,6,road_candidate
3305,s,3306,unreviewed,,0,0,0,0,3,no_feature_candidate;strong_no_feature_candidate
3305,ne,3404,unreviewed,,0,0,0,0,1,no_feature_candidate;strong_no_feature_candidate
3305,se,3405,unreviewed,,0,0,0,1,1,no_feature_candidate;strong_no_feature_candidate
3306,s,3307,unreviewed,,0,1,66,170,30,rail_or_primary_candidate
3306,ne,3405,unreviewed,,0,1,0,1,1,no_feature_candidate;strong_no_feature_candidate
3306,se,3406,unreviewed,,0,0,8,118,18,
3307,s,3308,unreviewed,,0,6,0,8,4,road_candidate;no_feature_candidate;strong_no_feature_candidate
3307,ne,3406,unreviewed,,0,56,96,237,34,road_candidate;rail_or_primary_candidate
3307,se,3407,unreviewed,,0,3,0,4,3,no_feature_candidate;strong_no_feature_candidate
3308,s,3309,unreviewed,,0,1,68,300,9,rail_or_primary_candidate
3308,ne,3407,unreviewed,,0,5,51,110,10,road_candidate;rail_or_primary_candidate
3308,se,3408,unreviewed,,0,1,4,64,0,
3309,s,3310,unreviewed,,0,0,0,0,1,no_feature_candidate;strong_no_feature_candidate
3309,ne,3408,unreviewed,,0,14,0,39,10,road_candidate
3309,se,3409,unreviewed,,0,1,63,117,6,rail_or_primary_candidate
3310,s,3311,unreviewed,,0,0,0,0,1,no_feature_candidate;strong_no_feature_candidate
3310,ne,3409,unreviewed,,0,0,0,0,0,no_feature_candidate;strong_no_feature_candidate
3310,se,3410,unreviewed,,0,0,0,2,1,no_feature_candidate;strong_no_feature_candidate
3311,s,3312,unreviewed,,0,0,0,0,0,no_feature_candidate;strong_no_feature_candidate
3311,ne,3410,unreviewed,,0,0,0,1,1,no_feature_candidate;strong_no_feature_candidate
3311,se,3411,unreviewed,,0,0,0,2,0,no_feature_candidate;strong_no_feature_candidate
3312,s,3313,unreviewed,,0,0,0,0,1,no_feature_candidate;strong_no_feature_candidate
3312,ne,3411,unreviewed,,0,21,0,39,3,road_candidate
3312,se,3412,unreviewed,,0,2,0,2,1,no_feature_candidate;strong_no_feature_candidate
3313,s,3314,unreviewed,,0,0,0,0,10,no_feature_candidate
3313,ne,3412,unreviewed,,0,0,0,0,0,no_feature_candidate;strong_no_feature_candidate
3313,se,3413,unreviewed,,0,0,0,2,0,no_feature_candidate;strong_no_feature_candidate
3314,s,3315,unreviewed,,557,30,1,1135,267,river_candidate;road_candidate
3314,ne,3413,unreviewed,,0,0,0,0,0,no_feature_candidate;strong_no_feature_candidate
3314,se,3414,unreviewed,,0,0,0,65,82,
3315,s,3316,unreviewed,,0,0,0,92,0,
3315,ne,3414,unreviewed,,463,65,0,1235,285,river_candidate;road_candidate
3315,se,3415,unreviewed,,0,0,110,263,105,rail_or_primary_candidate
3316,s,3317,unreviewed,,0,0,0,1,0,no_feature_candidate;strong_no_feature_candidate
3316,ne,3415,unreviewed,,0,2,0,2,5,no_feature_candidate;strong_no_feature_candidate
3316,se,3416,unreviewed,,0,2,0,2,1,no_feature_candidate;strong_no_feature_candidate
3317,s,3318,unreviewed,,0,0,0,0,0,no_feature_candidate;strong_no_feature_candidate
3317,ne,3416,unreviewed,,0,0,0,1,1,no_feature_candidate;strong_no_feature_candidate
3317,se,3417,unreviewed,,0,2,0,2,1,no_feature_candidate;strong_no_feature_candidate
3318,s,3319,unreviewed,,0,0,0,0,0,no_feature_candidate;strong_no_feature_candidate
3318,ne,3417,unreviewed,,0,0,0,1,0,no_feature_candidate;strong_no_feature_candidate
3318,se,3418,unreviewed,,0,0,0,1,2,no_feature_candidate;strong_no_feature_candidate
3319,s,3320,unreviewed,,0,2,0,24,1,
3319,ne,3418,unreviewed,,0,3,0,3,1,no_feature_candidate;strong_no_feature_candidate
3319,se,3419,unreviewed,,0,4,0,35,4,
3320,s,3321,unreviewed,,0,0,0,0,1,no_feature_candidate;strong_no_feature_candidate
3320,ne,3419,unreviewed,,0,3,0,12,3,
3320,se,3420,unreviewed,,0,1,0,1,0,no_feature_candidate;strong_no_feature_candidate
3321,s,3322,unreviewed,,0,29,116,223,15,road_candidate;rail_or_primary_candidate
3321,ne,3420,unreviewed,,0,0,0,3,0,no_feature_candidate;strong_no_feature_candidate
3321,se,3421,unreviewed,,0,0,0,0,0,no_feature_candidate;strong_no_feature_candidate
3322,s,3323,unreviewed,,0,15,61,174,12,road_candidate;rail_or_primary_candidate
3322,ne,3421,unreviewed,,0,17,0,80,9,road_candidate
3322,se,3422,unreviewed,,0,63,30,199,18,road_candidate;rail_or_primary_candidate
3323,s,3324,unreviewed,,0,7,34,126,10,road_candidate;rail_or_primary_candidate
3323,ne,3422,unreviewed,,0,0,0,0,0,no_feature_candidate;strong_no_feature_candidate
3323,se,3423,unreviewed,,0,0,0,0,0,no_feature_candidate;strong_no_feature_candidate
3324,s,3325,unreviewed,,0,11,67,140,45,road_candidate;rail_or_primary_candidate
3324,ne,3423,unreviewed,,0,0,0,0,0,no_feature_candidate;strong_no_feature_candidate
3324,se,3424,unreviewed,,0,0,0,0,0,no_feature_candidate;strong_no_feature_candidate
3325,s,3326,unreviewed,,0,15,38,118,44,road_candidate;rail_or_primary_candidate
3325,ne,3424,unreviewed,,0,20,0,38,2,road_candidate
3325,se,3425,unreviewed,,0,0,0,1,0,no_feature_candidate;strong_no_feature_candidate
3326,s,3327,unreviewed,,428,62,73,1250,228,river_candidate;road_candidate;rail_or_primary_candidate
3326,ne,3425,unreviewed,,0,1,0,1,0,no_feature_candidate;strong_no_feature_candidate
3326,se,3426,unreviewed,,0,2,0,172,86,
3327,s,3328,unreviewed,,0,34,55,214,13,road_candidate;rail_or_primary_candidate
3327,ne,3426,unreviewed,,573,24,0,1295,290,river_candidate;road_candidate
3327,se,3427,unreviewed,,0,30,58,179,94,road_candidate;rail_or_primary_candidate
3328,s,3329,unreviewed,,0,19,3,59,2,road_candidate
3328,ne,3427,unreviewed,,0,0,0,2,2,no_feature_candidate;strong_no_feature_candidate
3328,se,3428,unreviewed,,0,0,0,1,0,no_feature_candidate;strong_no_feature_candidate
3329,s,3330,unreviewed,,0,23,2,80,14,road_candidate
3329,ne,3428,unreviewed,,0,0,0,31,27,
3329,se,3429,unreviewed,,194,52,0,446,136,river_candidate;road_candidate
3330,s,3331,unreviewed,,0,131,56,382,99,road_candidate;rail_or_primary_candidate
3330,ne,3429,unreviewed,,0,1,0,1,15,no_feature_candidate
3330,se,3430,unreviewed,,0,0,34,169,26,rail_or_primary_candidate
3331,s,3332,unreviewed,,0,192,56,477,19,road_candidate;rail_or_primary_candidate
3331,ne,3430,unreviewed,,0,210,1,485,119,road_candidate
3331,se,3431,unreviewed,,0,188,14,389,42,road_candidate;rail_or_primary_candidate
3332,s,3333,unreviewed,,0,0,89,191,26,rail_or_primary_candidate
3332,ne,3431,unreviewed,,0,0,0,36,22,
3332,se,3432,unreviewed,,0,8,2,22,3,road_candidate
3333,s,3334,unreviewed,,1,2,3,16,77,
3333,ne,3432,unreviewed,,14,3,0,84,71,
3333,se,3433,unreviewed,,613,19,0,1173,277,river_candidate;road_candidate
3334,s,3335,unreviewed,,480,8,0,1149,148,river_candidate;road_candidate
3334,ne,3433,unreviewed,,642,1,0,1251,220,river_candidate
3334,se,3434,unreviewed,,546,66,0,1359,130,river_candidate;road_candidate
3335,s,3336,unreviewed,,0,0,0,22,5,
3335,ne,3434,unreviewed,,0,17,0,50,60,road_candidate
3335,se,3435,unreviewed,,0,0,0,0,0,no_feature_candidate;strong_no_feature_candidate
3336,s,3337,unreviewed,,255,31,0,523,207,river_candidate;road_candidate
3336,ne,3435,unreviewed,,0,0,0,8,0,no_feature_candidate;strong_no_feature_candidate
3336,se,3436,unreviewed,,0,36,35,320,50,road_candidate;rail_or_primary_candidate
3337,s,3338,unreviewed,,0,2,0,2,1,no_feature_candidate;strong_no_feature_candidate
3337,ne,3436,unreviewed,,283,31,0,589,141,river_candidate;road_candidate
3337,se,3437,unreviewed,,0,0,0,0,29,no_feature_candidate
3338,s,3339,unreviewed,,0,0,0,0,0,no_feature_candidate;strong_no_feature_candidate
3338,ne,3437,unreviewed,,0,0,0,0,0,no_feature_candidate;strong_no_feature_candidate
3338,se,3438,unreviewed,,0,0,0,3,0,no_feature_candidate;strong_no_feature_candidate
3339,s,3340,unreviewed,,0,0,0,0,0,no_feature_candidate;strong_no_feature_candidate
3339,ne,3438,unreviewed,,0,2,0,2,2,no_feature_candidate;strong_no_feature_candidate
3339,se,3439,unreviewed,,0,2,0,3,1,no_feature_candidate;strong_no_feature_candidate
3340,s,3341,unreviewed,,264,28,0,520,146,river_candidate;road_candidate
3340,ne,3439,unreviewed,,0,0,0,1,2,no_feature_candidate;strong_no_feature_candidate
3340,se,3440,unreviewed,,0,0,0,63,36,
3341,s,3342,unreviewed,,0,0,0,80,0,
3341,ne,3440,unreviewed,,277,27,0,760,162,river_candidate;road_candidate
3341,se,3441,unreviewed,,0,0,0,3,41,no_feature_candidate
3342,ne,3441,unreviewed,,0,3,0,13,2,
3342,se,3442,unreviewed,,0,1,0,10,3,no_feature_candidate;strong_no_feature_candidate
3400,s,3401,reviewed,none,0,4,0,4,0,no_feature_candidate;strong_no_feature_candidate
3400,ne,3500,reviewed,railroad,0,0,47,83,8,rail_or_primary_candidate
3400,se,3501,reviewed,none,0,0,0,0,0,no_feature_candidate;strong_no_feature_candidate
3401,s,3402,reviewed,none,0,0,0,0,0,no_feature_candidate;strong_no_feature_candidate
3401,ne,3501,reviewed,none,0,0,0,3,1,no_feature_candidate;strong_no_feature_candidate
3401,se,3502,reviewed,none,0,0,0,0,0,no_feature_candidate;strong_no_feature_candidate
3402,s,3403,reviewed,secondary_road,0,22,0,55,5,road_candidate
3402,ne,3502,reviewed,none,0,1,0,1,0,no_feature_candidate;strong_no_feature_candidate
3402,se,3503,reviewed,none,0,2,0,2,0,no_feature_candidate;strong_no_feature_candidate
3403,s,3404,reviewed,secondary_road,0,0,0,112,6,
3403,ne,3503,reviewed,none,0,0,0,0,1,no_feature_candidate;strong_no_feature_candidate
3403,se,3504,reviewed,none,0,0,0,1,0,no_feature_candidate;strong_no_feature_candidate
3404,s,3405,unreviewed,,0,25,2,42,27,road_candidate
3404,ne,3504,reviewed,secondary_road,0,28,0,53,2,road_candidate
3404,se,3505,unreviewed,,0,3,0,7,16,no_feature_candidate
3405,s,3406,unreviewed,,0,2,0,13,0,
3405,ne,3505,unreviewed,,242,18,0,556,139,river_candidate;road_candidate
3405,se,3506,unreviewed,,0,18,0,37,38,road_candidate
3406,s,3407,unreviewed,,0,0,7,94,4,
3406,ne,3506,unreviewed,,0,24,69,209,14,road_candidate;rail_or_primary_candidate
3406,se,3507,unreviewed,,0,0,0,4,3,no_feature_candidate;strong_no_feature_candidate
3407,s,3408,unreviewed,,0,0,0,0,2,no_feature_candidate;strong_no_feature_candidate
3407,ne,3507,unreviewed,,0,0,0,2,0,no_feature_candidate;strong_no_feature_candidate
3407,se,3508,unreviewed,,0,0,0,1,2,no_feature_candidate;strong_no_feature_candidate
3408,s,3409,unreviewed,,0,3,0,5,1,no_feature_candidate;strong_no_feature_candidate
3408,ne,3508,unreviewed,,0,8,0,32,3,road_candidate
3408,se,3509,unreviewed,,0,0,0,0,0,no_feature_candidate;strong_no_feature_candidate
3409,s,3410,unreviewed,,0,0,50,89,7,rail_or_primary_candidate
3409,ne,3509,unreviewed,,0,0,0,0,0,no_feature_candidate;strong_no_feature_candidate
3409,se,3510,unreviewed,,0,1,0,1,1,no_feature_candidate;strong_no_feature_candidate
3410,s,3411,unreviewed,,0,0,0,0,0,no_feature_candidate;strong_no_feature_candidate
3410,ne,3510,unreviewed,,0,0,0,6,1,no_feature_candidate;strong_no_feature_candidate
3410,se,3511,unreviewed,,0,4,60,112,6,rail_or_primary_candidate
3411,s,3412,unreviewed,,0,0,0,0,0,no_feature_candidate;strong_no_feature_candidate
3411,ne,3511,unreviewed,,0,1,0,13,0,
3411,se,3512,unreviewed,,0,37,0,64,6,road_candidate
3412,s,3413,unreviewed,,0,1,0,142,52,
3412,ne,3512,unreviewed,,0,0,0,22,17,
3412,se,3513,unreviewed,,237,38,0,524,175,river_candidate;road_candidate
3413,s,3414,unreviewed,,2,0,0,118,35,
3413,ne,3513,unreviewed,,307,48,0,846,192,river_candidate;road_candidate
3413,se,3514,unreviewed,,306,43,0,763,178,river_candidate;road_candidate
3414,s,3415,unreviewed,,577,21,0,1081,312,river_candidate;road_candidate
3414,ne,3514,unreviewed,,256,85,0,637,224,river_candidate;road_candidate
3414,se,3515,unreviewed,,294,44,0,730,219,river_candidate;road_candidate
3415,s,3416,unreviewed,,0,0,0,0,0,no_feature_candidate;strong_no_feature_candidate
3415,ne,3515,unreviewed,,608,31,0,1289,307,river_candidate;road_candidate
3415,se,3516,unreviewed,,0,0,0,66,81,
3416,s,3417,unreviewed,,0,1,0,2,1,no_feature_candidate;strong_no_feature_candidate
3416,ne,3516,unreviewed,,0,0,0,0,0,no_feature_candidate;strong_no_feature_candidate
3416,se,3517,unreviewed,,0,2,0,2,1,no_feature_candidate;strong_no_feature_candidate
3417,s,3418,unreviewed,,0,0,0,0,0,no_feature_candidate;strong_no_feature_candidate
3417,ne,3517,unreviewed,,0,1,0,2,1,no_feature_candidate;strong_no_feature_candidate
3417,se,3518,unreviewed,,0,1,0,1,1,no_feature_candidate;strong_no_feature_candidate
3418,s,3419,unreviewed,,0,0,0,0,1,no_feature_candidate;strong_no_feature_candidate
3418,ne,3518,unreviewed,,0,0,0,0,0,no_feature_candidate;strong_no_feature_candidate
3418,se,3519,unreviewed,,0,0,0,3,2,no_feature_candidate;strong_no_feature_candidate
3419,s,3420,unreviewed,,0,0,0,5,19,no_feature_candidate
3419,ne,3519,unreviewed,,0,0,0,0,1,no_feature_candidate;strong_no_feature_candidate
3419,se,3520,unreviewed,,0,8,0,63,32,road_candidate
3420,s,3421,unreviewed,,0,0,0,0,36,no_feature_candidate
3420,ne,3520,unreviewed,,256,46,0,506,139,river_candidate;road_candidate
3420,se,3521,unreviewed,,280,24,0,557,127,river_candidate;road_candidate
3421,s,3422,unreviewed,,0,0,0,0,55,no_feature_candidate
3421,ne,3521,unreviewed,,265,52,0,569,149,river_candidate;road_candidate
3421,se,3522,unreviewed,,299,38,0,610,161,river_candidate;road_candidate
3422,s,3423,unreviewed,,0,0,0,0,0,no_feature_candidate;strong_no_feature_candidate
3422,ne,3522,unreviewed,,249,78,0,722,166,river_candidate;road_candidate
3422,se,3523,unreviewed,,0,0,0,0,37,no_feature_candidate
3423,s,3424,unreviewed,,0,15,3,31,3,road_candidate
3423,ne,3523,unreviewed,,0,16,0,32,1,road_candidate
3423,se,3524,unreviewed,,0,3,0,13,1,
3424,s,3425,unreviewed,,0,0,0,0,1,no_feature_candidate;strong_no_feature_candidate
3424,ne,3524,unreviewed,,0,1,0,1,1,no_feature_candidate;strong_no_feature_candidate
3424,se,3525,unreviewed,,0,0,0,2,1,no_feature_candidate;strong_no_feature_candidate
3425,s,3426,unreviewed,,0,21,0,32,16,road_candidate
3425,ne,3525,unreviewed,,0,0,0,1,0,no_feature_candidate;strong_no_feature_candidate
3425,se,3526,unreviewed,,0,0,0,5,0,no_feature_candidate;strong_no_feature_candidate
3426,s,3427,unreviewed,,555,32,1,1157,218,river_candidate;road_candidate
3426,ne,3526,unreviewed,,0,1,0,198,83,
3426,se,3527,unreviewed,,629,18,0,1281,260,river_candidate;road_candidate
3427,s,3428,unreviewed,,0,0,0,0,0,no_feature_candidate;strong_no_feature_candidate
3427,ne,3527,unreviewed,,0,23,63,208,81,road_candidate;rail_or_primary_candidate
3427,se,3528,unreviewed,,0,0,0,0,4,no_feature_candidate;strong_no_feature_candidate
3428,s,3429,unreviewed,,259,27,0,498,186,river_candidate;road_candidate
3428,ne,3528,unreviewed,,0,0,0,0,0,no_feature_candidate;strong_no_feature_candidate
3428,se,3529,unreviewed,,0,0,0,50,36,
3429,s,3430,unreviewed,,0,0,0,0,0,no_feature_candidate;strong_no_feature_candidate
3429,ne,3529,unreviewed,,323,38,0,666,156,river_candidate;road_candidate
3429,se,3530,unreviewed,,0,0,0,0,38,no_feature_candidate
3430,s,3431,unreviewed,,0,0,0,49,28,
3430,ne,3530,unreviewed,,0,0,0,80,1,
3430,se,3531,unreviewed,,0,0,0,15,5,
3431,s,3432,unreviewed,,0,2,3,36,9,
3431,ne,3531,unreviewed,,0,0,50,88,9,rail_or_primary_candidate
3431,se,3532,unreviewed,,2,1,0,31,7,
3432,s,3433,unreviewed,,558,1,2,1038,258,river_candidate
3432,ne,3532,unreviewed,,13,2,6,197,83,
3432,se,3533,unreviewed,,582,32,0,1240,259,river_candidate;road_candidate
3433,s,3434,unreviewed,,1,2,72,100,73,rail_or_primary_candidate
3433,ne,3533,unreviewed,,11,3,0,49,75,
3433,se,3534,unreviewed,,299,1,0,604,38,river_candidate
3434,s,3435,unreviewed,,0,1,0,1,0,no_feature_candidate;strong_no_feature_candidate
3434,ne,3534,unreviewed,,20,3,0,48,5,
3434,se,3535,unreviewed,,0,45,0,70,8,road_candidate
3435,s,3436,unreviewed,,0,0,0,9,1,no_feature_candidate;strong_no_feature_candidate
3435,ne,3535,unreviewed,,0,0,0,0,0,no_feature_candidate;strong_no_feature_candidate
3435,se,3536,unreviewed,,0,1,0,5,4,no_feature_candidate;strong_no_feature_candidate
3436,s,3437,unreviewed,,183,37,0,389,69,river_candidate;road_candidate
3436,ne,3536,unreviewed,,0,0,0,9,0,no_feature_candidate;strong_no_feature_candidate
3436,se,3537,unreviewed,,0,54,50,298,23,road_candidate;rail_or_primary_candidate
3437,s,3438,unreviewed,,0,0,0,0,1,no_feature_candidate;strong_no_feature_candidate
3437,ne,3537,unreviewed,,0,0,0,0,24,no_feature_candidate
3437,se,3538,unreviewed,,0,0,0,1,1,no_feature_candidate;strong_no_feature_candidate
3438,s,3439,unreviewed,,0,0,0,0,0,no_feature_candidate;strong_no_feature_candidate
3438,ne,3538,unreviewed,,0,0,0,0,0,no_feature_candidate;strong_no_feature_candidate
3438,se,3539,unreviewed,,0,1,0,3,1,no_feature_candidate;strong_no_feature_candidate
3439,s,3440,unreviewed,,0,0,0,0,0,no_feature_candidate;strong_no_feature_candidate
3439,ne,3539,unreviewed,,0,1,0,1,1,no_feature_candidate;strong_no_feature_candidate
3439,se,3540,unreviewed,,0,0,0,0,0,no_feature_candidate;strong_no_feature_candidate
3440,s,3441,unreviewed,,221,14,0,552,69,river_candidate;road_candidate
3440,ne,3540,unreviewed,,0,0,0,2,1,no_feature_candidate;strong_no_feature_candidate
3440,se,3541,unreviewed,,0,1,0,98,49,
3441,s,3442,unreviewed,,0,0,0,0,41,no_feature_candidate
3441,ne,3541,unreviewed,,253,74,0,605,171,river_candidate;road_candidate
3441,se,3542,unreviewed,,317,40,0,598,168,river_candidate;road_candidate
3442,ne,3542,unreviewed,,267,51,0,573,128,river_candidate;road_candidate
3500,s,3501,reviewed,none,0,0,0,78,1,
3500,se,3600,reviewed,railroad,0,0,16,67,9,rail_or_primary_candidate
3501,s,3502,reviewed,none,0,1,0,1,3,no_feature_candidate;strong_no_feature_candidate
3501,ne,3600,reviewed,none,0,0,0,13,1,
3501,se,3601,reviewed,none,0,0,0,0,1,no_feature_candidate;strong_no_feature_candidate
3502,s,3503,reviewed,none,0,2,0,2,0,no_feature_candidate;strong_no_feature_candidate
3502,ne,3601,reviewed,none,0,2,0,5,1,no_feature_candidate;strong_no_feature_candidate
3502,se,3602,reviewed,none,0,0,0,1,0,no_feature_candidate;strong_no_feature_candidate
3503,s,3504,reviewed,none,0,0,0,2,0,no_feature_candidate;strong_no_feature_candidate
3503,ne,3602,reviewed,none,0,1,0,1,0,no_feature_candidate;strong_no_feature_candidate
3503,se,3603,reviewed,none,0,0,0,0,0,no_feature_candidate;strong_no_feature_candidate
3504,s,3505,unreviewed,,0,1,0,2,0,no_feature_candidate;strong_no_feature_candidate
3504,ne,3603,reviewed,none,0,0,0,0,0,no_feature_candidate;strong_no_feature_candidate
3504,se,3604,reviewed,secondary_road,0,32,0,62,2,road_candidate
3505,s,3506,unreviewed,,267,42,0,509,169,river_candidate;road_candidate
3505,ne,3604,unreviewed,,0,0,0,0,0,no_feature_candidate;strong_no_feature_candidate
3505,se,3605,unreviewed,,0,1,0,7,43,no_feature_candidate
3506,s,3507,unreviewed,,0,18,0,82,2,road_candidate
3506,ne,3605,unreviewed,,303,44,0,691,189,river_candidate;road_candidate
3506,se,3606,unreviewed,,0,43,68,236,61,road_candidate;rail_or_primary_candidate
3507,s,3508,unreviewed,,0,22,1,45,7,road_candidate
3507,ne,3606,unreviewed,,0,0,0,0,0,no_feature_candidate;strong_no_feature_candidate
3507,se,3607,unreviewed,,0,0,0,0,0,no_feature_candidate;strong_no_feature_candidate
3508,s,3509,unreviewed,,0,28,3,54,3,road_candidate
3508,ne,3607,unreviewed,,0,16,0,31,2,road_candidate
3508,se,3608,unreviewed,,0,3,0,3,1,no_feature_candidate;strong_no_feature_candidate
3509,s,3510,unreviewed,,0,35,0,59,6,road_candidate
3509,ne,3608,unreviewed,,0,0,0,2,1,no_feature_candidate;strong_no_feature_candidate
3509,se,3609,unreviewed,,0,2,0,3,2,no_feature_candidate;strong_no_feature_candidate
3510,s,3511,unreviewed,,0,9,0,38,2,road_candidate
3510,ne,3609,unreviewed,,0,0,0,1,0,no_feature_candidate;strong_no_feature_candidate
3510,se,3610,unreviewed,,0,0,0,2,1,no_feature_candidate;strong_no_feature_candidate
3511,s,3512,unreviewed,,0,5,59,186,11,road_candidate;rail_or_primary_candidate
3511,ne,3610,unreviewed,,0,0,0,0,0,no_feature_candidate;strong_no_feature_candidate
3511,se,3611,unreviewed,,0,0,0,0,10,no_feature_candidate
3512,s,3513,unreviewed,,0,15,2,26,29,road_candidate
3512,ne,3611,unreviewed,,0,12,77,215,17,road_candidate;rail_or_primary_candidate
3512,se,3612,unreviewed,,0,1,0,1,10,no_feature_candidate
3513,s,3514,unreviewed,,0,0,2,46,35,
3513,ne,3612,unreviewed,,0,0,0,3,1,no_feature_candidate;strong_no_feature_candidate
3513,se,3613,unreviewed,,0,0,0,0,0,no_feature_candidate;strong_no_feature_candidate
3514,s,3515,unreviewed,,0,1,4,38,38,
3514,ne,3613,unreviewed,,0,0,94,170,13,rail_or_primary_candidate
3514,se,3614,unreviewed,,0,0,0,0,3,no_feature_candidate;strong_no_feature_candidate
3515,s,3516,unreviewed,,570,20,1,1102,288,river_candidate;road_candidate
3515,ne,3614,unreviewed,,0,0,0,0,0,no_feature_candidate;strong_no_feature_candidate
3515,se,3615,unreviewed,,0,17,0,121,83,road_candidate
3516,s,3517,unreviewed,,0,0,0,0,0,no_feature_candidate;strong_no_feature_candidate
3516,ne,3615,unreviewed,,602,24,0,1316,290,river_candidate;road_candidate
3516,se,3616,unreviewed,,0,1,0,21,74,
3517,s,3518,unreviewed,,0,1,0,1,1,no_feature_candidate;strong_no_feature_candidate
3517,ne,3616,unreviewed,,0,0,0,0,0,no_feature_candidate;strong_no_feature_candidate
3517,se,3617,unreviewed,,0,1,0,1,0,no_feature_candidate;strong_no_feature_candidate
3518,s,3519,unreviewed,,0,0,0,0,0,no_feature_candidate;strong_no_feature_candidate
3518,ne,3617,unreviewed,,0,0,0,4,0,no_feature_candidate;strong_no_feature_candidate
3518,se,3618,unreviewed,,0,0,0,15,0,
3519,s,3520,unreviewed,,0,6,2,23,1,road_candidate
3519,ne,3618,unreviewed,,0,31,0,39,6,road_candidate
3519,se,3619,unreviewed,,0,2,0,5,0,no_feature_candidate;strong_no_feature_candidate
3520,s,3521,unreviewed,,0,0,0,71,35,
3520,ne,3619,unreviewed,,0,0,0,0,0,no_feature_candidate;strong_no_feature_candidate
3520,se,3620,unreviewed,,0,2,0,5,4,no_feature_candidate;strong_no_feature_candidate
3521,s,3522,unreviewed,,0,28,1,48,39,road_candidate
3521,ne,3620,unreviewed,,0,1,0,1,1,no_feature_candidate;strong_no_feature_candidate
3521,se,3621,unreviewed,,0,38,0,77,6,road_candidate
3522,s,3523,unreviewed,,215,57,4,662,162,river_candidate;road_candidate
3522,ne,3621,unreviewed,,0,0,0,1,0,no_feature_candidate;strong_no_feature_candidate
3522,se,3622,unreviewed,,0,21,0,72,54,road_candidate
3523,s,3524,unreviewed,,0,0,0,0,37,no_feature_candidate
3523,ne,3622,unreviewed,,332,48,0,893,201,river_candidate;road_candidate
3523,se,3623,unreviewed,,332,33,0,661,199,river_candidate;road_candidate
3524,s,3525,unreviewed,,0,0,0,0,0,no_feature_candidate;strong_no_feature_candidate
3524,ne,3623,unreviewed,,334,35,0,685,158,river_candidate;road_candidate
3524,se,3624,unreviewed,,0,0,0,3,38,no_feature_candidate
3525,s,3526,unreviewed,,0,8,0,8,4,road_candidate;no_feature_candidate;strong_no_feature_candidate
3525,ne,3624,unreviewed,,0,0,0,0,0,no_feature_candidate;strong_no_feature_candidate
3525,se,3625,unreviewed,,0,1,0,2,0,no_feature_candidate;strong_no_feature_candidate
3526,s,3527,unreviewed,,578,34,3,1112,324,river_candidate;road_candidate
3526,ne,3625,unreviewed,,0,0,0,0,1,no_feature_candidate;strong_no_feature_candidate
3526,se,3626,unreviewed,,0,0,0,98,77,
3527,s,3528,unreviewed,,0,0,0,116,79,
3527,ne,3626,unreviewed,,580,20,0,1316,321,river_candidate;road_candidate
3527,se,3627,unreviewed,,262,58,75,1065,289,river_candidate;road_candidate;rail_or_primary_candidate
3528,s,3529,unreviewed,,0,0,0,0,0,no_feature_candidate;strong_no_feature_candidate
3528,ne,3627,unreviewed,,615,22,0,1319,285,river_candidate;road_candidate
3528,se,3628,unreviewed,,0,0,0,23,73,
3529,s,3530,unreviewed,,286,28,0,802,161,river_candidate;road_candidate
3529,ne,3628,unreviewed,,0,0,0,0,0,no_feature_candidate;strong_no_feature_candidate
3529,se,3629,unreviewed,,8,12,0,316,60,road_candidate
3530,s,3531,unreviewed,,0,29,0,51,0,road_candidate
3530,ne,3629,unreviewed,,319,46,0,824,171,river_candidate;road_candidate
3530,se,3630,unreviewed,,0,0,0,2,38,no_feature_candidate
3531,s,3532,unreviewed,,8,1,1,45,8,
3531,ne,3630,unreviewed,,0,2,47,106,10,rail_or_primary_candidate
3531,se,3631,unreviewed,,6,1,0,11,2,
3532,s,3533,unreviewed,,582,9,1,1100,269,river_candidate;road_candidate
3532,ne,3631,unreviewed,,12,1,4,291,74,
3532,se,3632,unreviewed,,572,16,0,1190,242,river_candidate;road_candidate
3533,s,3534,unreviewed,,7,7,5,40,7,road_candidate
3533,ne,3632,unreviewed,,0,2,0,3,65,no_feature_candidate
3533,se,3633,unreviewed,,0,0,0,0,0,no_feature_candidate;strong_no_feature_candidate
3534,s,3535,unreviewed,,3,4,0,108,86,
3534,ne,3633,unreviewed,,6,0,0,15,1,
3534,se,3634,unreviewed,,9,6,0,310,70,road_candidate
3535,s,3536,unreviewed,,0,0,0,0,1,no_feature_candidate;strong_no_feature_candidate
3535,ne,3634,unreviewed,,552,23,0,1413,244,river_candidate;road_candidate
3535,se,3635,unreviewed,,0,4,0,56,77,
3536,s,3537,unreviewed,,0,0,0,4,2,no_feature_candidate;strong_no_feature_candidate
3536,ne,3635,unreviewed,,0,0,0,1,1,no_feature_candidate;strong_no_feature_candidate
3536,se,3636,unreviewed,,0,0,0,2,0,no_feature_candidate;strong_no_feature_candidate
3537,s,3538,unreviewed,,0,0,0,0,0,no_feature_candidate;strong_no_feature_candidate
3537,ne,3636,unreviewed,,0,0,168,295,29,rail_or_primary_candidate
3537,se,3637,unreviewed,,0,28,55,221,12,road_candidate;rail_or_primary_candidate
3538,s,3539,unreviewed,,0,0,0,0,0,no_feature_candidate;strong_no_feature_candidate
3538,ne,3637,unreviewed,,0,1,0,13,1,
3538,se,3638,unreviewed,,0,1,0,1,0,no_feature_candidate;strong_no_feature_candidate
3539,s,3540,unreviewed,,0,0,0,0,0,no_feature_candidate;strong_no_feature_candidate
3539,ne,3638,unreviewed,,0,0,0,1,0,no_feature_candidate;strong_no_feature_candidate
3539,se,3639,unreviewed,,0,0,0,1,2,no_feature_candidate;strong_no_feature_candidate
3540,s,3541,unreviewed,,0,0,0,0,1,no_feature_candidate;strong_no_feature_candidate
3540,ne,3639,unreviewed,,0,0,0,0,0,no_feature_candidate;strong_no_feature_candidate
3540,se,3640,unreviewed,,0,1,0,1,0,no_feature_candidate;strong_no_feature_candidate
3541,s,3542,unreviewed,,0,0,0,0,34,no_feature_candidate
3541,ne,3640,unreviewed,,0,0,0,17,3,
3541,se,3641,unreviewed,,0,0,0,0,0,no_feature_candidate;strong_no_feature_candidate
3542,ne,3641,unreviewed,,0,0,0,1,0,no_feature_candidate;strong_no_feature_candidate
3542,se,3642,unreviewed,,0,0,0,44,7,
3600,s,3601,reviewed,secondary_road,0,22,1,66,48,road_candidate
3600,ne,3700,unreviewed,,0,11,0,123,48,road_candidate
3600,se,3701,unreviewed,,320,39,5,692,231,river_candidate;road_candidate
3601,s,3602,reviewed,secondary_road,0,42,2,74,50,road_candidate
3601,ne,3701,unreviewed,,289,43,0,604,173,river_candidate;road_candidate
3601,se,3702,unreviewed,,288,36,0,580,150,river_candidate;road_candidate
3602,s,3603,reviewed,secondary_road,0,17,0,56,47,road_candidate
3602,ne,3702,unreviewed,,296,36,0,627,199,river_candidate;road_candidate
3602,se,3703,unreviewed,,330,59,0,958,179,river_candidate;road_candidate
3603,s,3604,reviewed,secondary_road,0,22,1,92,40,road_candidate
3603,ne,3703,unreviewed,,294,46,0,586,193,river_candidate;road_candidate
3603,se,3704,unreviewed,,311,42,0,584,188,river_candidate;road_candidate
3604,s,3605,unreviewed,,0,21,0,48,44,road_candidate
3604,ne,3704,unreviewed,,230,75,0,615,200,river_candidate;road_candidate
3604,se,3705,unreviewed,,292,37,0,590,174,river_candidate;road_candidate
3605,s,3606,unreviewed,,268,68,0,929,201,river_candidate;road_candidate
3605,ne,3705,unreviewed,,291,27,0,618,134,river_candidate;road_candidate
3605,se,3706,unreviewed,,260,59,0,625,214,river_candidate;road_candidate
3606,s,3607,unreviewed,,0,0,0,0,0,no_feature_candidate;strong_no_feature_candidate
3606,ne,3706,unreviewed,,201,48,67,757,200,river_candidate;road_candidate;rail_or_primary_candidate
3606,se,3707,unreviewed,,0,15,0,54,46,road_candidate
3607,s,3608,unreviewed,,0,0,0,0,1,no_feature_candidate;strong_no_feature_candidate
3607,ne,3707,unreviewed,,0,14,0,27,3,road_candidate
3607,se,3708,unreviewed,,0,0,0,1,0,no_feature_candidate;strong_no_feature_candidate
3608,s,3609,unreviewed,,0,1,0,1,1,no_feature_candidate;strong_no_feature_candidate
3608,ne,3708,unreviewed,,0,0,0,0,1,no_feature_candidate;strong_no_feature_candidate
3608,se,3709,unreviewed,,0,2,0,2,1,no_feature_candidate;strong_no_feature_candidate
3609,s,3610,unreviewed,,0,0,0,0,0,no_feature_candidate;strong_no_feature_candidate
3609,ne,3709,unreviewed,,0,0,0,0,0,no_feature_candidate;strong_no_feature_candidate
3609,se,3710,unreviewed,,0,1,0,1,0,no_feature_candidate;strong_no_feature_candidate
3610,s,3611,unreviewed,,0,0,0,0,1,no_feature_candidate;strong_no_feature_candidate
3610,ne,3710,unreviewed,,0,0,0,3,0,no_feature_candidate;strong_no_feature_candidate
3610,se,3711,unreviewed,,0,0,0,2,1,no_feature_candidate;strong_no_feature_candidate
3611,s,3612,unreviewed,,0,3,3,43,0,
3611,ne,3711,unreviewed,,0,24,0,40,2,road_candidate
3611,se,3712,unreviewed,,0,0,0,0,0,no_feature_candidate;strong_no_feature_candidate
3612,s,3613,unreviewed,,0,0,0,0,1,no_feature_candidate;strong_no_feature_candidate
3612,ne,3712,unreviewed,,0,0,0,0,0,no_feature_candidate;strong_no_feature_candidate
3612,se,3713,unreviewed,,0,0,0,0,0,no_feature_candidate;strong_no_feature_candidate
3613,s,3614,unreviewed,,0,0,0,115,1,
3613,ne,3713,unreviewed,,0,0,0,1,0,no_feature_candidate;strong_no_feature_candidate
3613,se,3714,unreviewed,,0,3,0,28,1,
3614,s,3615,unreviewed,,0,1,0,1,0,no_feature_candidate;strong_no_feature_candidate
3614,ne,3714,unreviewed,,0,0,0,0,1,no_feature_candidate;strong_no_feature_candidate
3614,se,3715,unreviewed,,0,1,0,1,0,no_feature_candidate;strong_no_feature_candidate
3615,s,3616,unreviewed,,570,22,3,1159,316,river_candidate;road_candidate
3615,ne,3715,unreviewed,,0,4,0,21,1,
3615,se,3716,unreviewed,,0,3,108,436,112,rail_or_primary_candidate
3616,s,3617,unreviewed,,0,0,0,71,5,
3616,ne,3716,unreviewed,,548,36,0,1247,304,river_candidate;road_candidate
3616,se,3717,unreviewed,,0,22,0,125,94,road_candidate
3617,s,3618,unreviewed,,0,30,4,60,7,road_candidate
3617,ne,3717,unreviewed,,0,0,0,5,0,no_feature_candidate;strong_no_feature_candidate
3617,se,3718,unreviewed,,0,0,0,0,0,no_feature_candidate;strong_no_feature_candidate
3618,s,3619,unreviewed,,0,0,0,0,0,no_feature_candidate;strong_no_feature_candidate
3618,ne,3718,unreviewed,,0,0,0,0,0,no_feature_candidate;strong_no_feature_candidate
3618,se,3719,unreviewed,,0,2,0,2,0,no_feature_candidate;strong_no_feature_candidate
3619,s,3620,unreviewed,,0,0,0,0,0,no_feature_candidate;strong_no_feature_candidate
3619,ne,3719,unreviewed,,0,0,0,0,0,no_feature_candidate;strong_no_feature_candidate
3619,se,3720,unreviewed,,0,0,0,0,0,no_feature_candidate;strong_no_feature_candidate
3620,s,3621,unreviewed,,0,9,0,23,5,road_candidate
3620,ne,3720,unreviewed,,0,1,0,1,0,no_feature_candidate;strong_no_feature_candidate
3620,se,3721,unreviewed,,0,1,0,1,0,no_feature_candidate;strong_no_feature_candidate
3621,s,3622,unreviewed,,0,0,0,0,0,no_feature_candidate;strong_no_feature_candidate
3621,ne,3721,unreviewed,,0,41,0,75,5,road_candidate
3621,se,3722,unreviewed,,0,0,0,1,0,no_feature_candidate;strong_no_feature_candidate
3622,s,3623,unreviewed,,0,21,1,51,46,road_candidate
3622,ne,3722,unreviewed,,0,0,0,0,0,no_feature_candidate;strong_no_feature_candidate
3622,se,3723,unreviewed,,0,17,0,46,4,road_candidate
3623,s,3624,unreviewed,,270,44,0,539,175,river_candidate;road_candidate
3623,ne,3723,unreviewed,,0,0,0,0,0,no_feature_candidate;strong_no_feature_candidate
3623,se,3724,unreviewed,,0,21,0,96,43,road_candidate
3624,s,3625,unreviewed,,0,0,0,0,36,no_feature_candidate
3624,ne,3724,unreviewed,,329,37,0,663,208,river_candidate;road_candidate
3624,se,3725,unreviewed,,343,44,0,631,193,river_candidate;road_candidate
3625,s,3626,unreviewed,,0,0,0,0,51,no_feature_candidate
3625,ne,3725,unreviewed,,324,52,0,605,165,river_candidate;road_candidate
3625,se,3726,unreviewed,,338,57,0,935,147,river_candidate;road_candidate
3626,s,3627,unreviewed,,291,41,0,733,186,river_candidate;road_candidate
3626,ne,3726,unreviewed,,296,38,0,713,162,river_candidate;road_candidate
3626,se,3727,unreviewed,,279,26,0,660,81,river_candidate;road_candidate
3627,s,3628,unreviewed,,562,23,1,1122,263,river_candidate;road_candidate
3627,ne,3727,unreviewed,,0,45,66,201,55,road_candidate;rail_or_primary_candidate
3627,se,3728,unreviewed,,0,31,0,133,81,road_candidate
3628,s,3629,unreviewed,,0,5,0,5,0,road_candidate;no_feature_candidate;strong_no_feature_candidate
3628,ne,3728,unreviewed,,609,27,0,1306,302,river_candidate;road_candidate
3628,se,3729,unreviewed,,0,2,0,76,86,
3629,s,3630,unreviewed,,229,22,0,548,90,river_candidate;road_candidate
3629,ne,3729,unreviewed,,0,1,0,2,1,no_feature_candidate;strong_no_feature_candidate
3629,se,3730,unreviewed,,0,0,0,82,41,
3630,s,3631,unreviewed,,0,1,0,13,70,
3630,ne,3730,unreviewed,,325,39,1,843,229,river_candidate;road_candidate
3630,se,3731,unreviewed,,460,18,64,1150,269,river_candidate;road_candidate;rail_or_primary_candidate
3631,s,3632,unreviewed,,464,17,0,1075,282,river_candidate;road_candidate
3631,ne,3731,unreviewed,,579,14,0,1189,279,river_candidate;road_candidate
3631,se,3732,unreviewed,,484,22,9,1326,260,river_candidate;road_candidate
3632,s,3633,unreviewed,,0,0,0,0,0,no_feature_candidate;strong_no_feature_candidate
3632,ne,3732,unreviewed,,282,23,0,621,183,river_candidate;road_candidate
3632,se,3733,unreviewed,,0,0,0,26,43,
3633,s,3634,unreviewed,,0,0,0,0,0,no_feature_candidate;strong_no_feature_candidate
3633,ne,3733,unreviewed,,0,0,0,0,0,no_feature_candidate;strong_no_feature_candidate
3633,se,3734,unreviewed,,0,0,0,0,0,no_feature_candidate;strong_no_feature_candidate
3634,s,3635,unreviewed,,555,9,0,1311,235,river_candidate;road_candidate
3634,ne,3734,unreviewed,,0,1,0,35,36,
3634,se,3735,unreviewed,,290,37,0,684,209,river_candidate;road_candidate
3635,s,3636,unreviewed,,0,18,2,45,3,road_candidate
3635,ne,3735,unreviewed,,0,10,0,148,69,road_candidate
3635,se,3736,unreviewed,,0,1,0,1,2,no_feature_candidate;strong_no_feature_candidate
3636,s,3637,unreviewed,,0,0,0,0,1,no_feature_candidate;strong_no_feature_candidate
3636,ne,3736,unreviewed,,0,0,0,1,6,no_feature_candidate
3636,se,3737,unreviewed,,0,0,165,337,26,rail_or_primary_candidate
3637,s,3638,unreviewed,,0,24,59,186,17,road_candidate;rail_or_primary_candidate
3637,ne,3737,unreviewed,,0,0,0,0,0,no_feature_candidate;strong_no_feature_candidate
3637,se,3738,unreviewed,,0,1,0,1,0,no_feature_candidate;strong_no_feature_candidate
3638,s,3639,unreviewed,,0,0,0,0,0,no_feature_candidate;strong_no_feature_candidate
3638,ne,3738,unreviewed,,0,0,0,6,1,no_feature_candidate;strong_no_feature_candidate
3638,se,3739,unreviewed,,0,47,62,210,17,road_candidate;rail_or_primary_candidate
3639,s,3640,unreviewed,,0,0,0,0,0,no_feature_candidate;strong_no_feature_candidate
3639,ne,3739,unreviewed,,0,1,0,1,1,no_feature_candidate;strong_no_feature_candidate
3639,se,3740,unreviewed,,0,0,0,0,0,no_feature_candidate;strong_no_feature_candidate
3640,s,3641,unreviewed,,0,0,0,7,1,no_feature_candidate;strong_no_feature_candidate
3640,ne,3740,unreviewed,,0,6,0,27,3,road_candidate
3640,se,3741,unreviewed,,0,1,0,5,0,no_feature_candidate;strong_no_feature_candidate
3641,s,3642,unreviewed,,0,0,0,0,0,no_feature_candidate;strong_no_feature_candidate
3641,ne,3741,unreviewed,,0,0,0,0,0,no_feature_candidate;strong_no_feature_candidate
3641,se,3742,unreviewed,,0,0,0,0,0,no_feature_candidate;strong_no_feature_candidate
3642,ne,3742,unreviewed,,0,2,0,4,1,no_feature_candidate;strong_no_feature_candidate
3700,s,3701,unreviewed,,268,47,0,553,161,river_candidate;road_candidate
3700,se,3800,unreviewed,,270,26,0,618,122,river_candidate;road_candidate
3701,s,3702,unreviewed,,0,9,53,107,49,road_candidate;rail_or_primary_candidate
3701,ne,3800,unreviewed,,0,0,0,2,35,no_feature_candidate
3701,se,3801,unreviewed,,0,2,0,2,0,no_feature_candidate;strong_no_feature_candidate
3702,s,3703,unreviewed,,0,0,0,110,35,
3702,ne,3801,unreviewed,,0,0,0,2,1,no_feature_candidate;strong_no_feature_candidate
3702,se,3802,unreviewed,,0,1,33,119,6,rail_or_primary_candidate
3703,s,3704,unreviewed,,0,0,0,0,29,no_feature_candidate
3703,ne,3802,unreviewed,,0,0,0,16,0,
3703,se,3803,unreviewed,,0,2,0,3,1,no_feature_candidate;strong_no_feature_candidate
3704,s,3705,unreviewed,,0,0,0,7,42,no_feature_candidate
3704,ne,3803,unreviewed,,0,2,0,2,0,no_feature_candidate;strong_no_feature_candidate
3704,se,3804,unreviewed,,0,36,0,58,5,road_candidate
3705,s,3706,unreviewed,,0,0,0,0,78,no_feature_candidate
3705,ne,3804,unreviewed,,0,0,0,10,43,no_feature_candidate
3705,se,3805,unreviewed,,290,37,0,666,131,river_candidate;road_candidate
3706,s,3707,unreviewed,,225,73,1,641,165,river_candidate;road_candidate
3706,ne,3805,unreviewed,,316,54,0,648,182,river_candidate;road_candidate
3706,se,3806,unreviewed,,0,32,66,209,89,road_candidate;rail_or_primary_candidate
3707,s,3708,unreviewed,,0,0,0,0,0,no_feature_candidate;strong_no_feature_candidate
3707,ne,3806,unreviewed,,233,58,0,718,149,river_candidate;road_candidate
3707,se,3807,unreviewed,,0,0,0,1,47,no_feature_candidate
3708,s,3709,unreviewed,,0,0,0,0,0,no_feature_candidate;strong_no_feature_candidate
3708,ne,3807,unreviewed,,0,0,0,3,1,no_feature_candidate;strong_no_feature_candidate
3708,se,3808,unreviewed,,0,1,0,1,0,no_feature_candidate;strong_no_feature_candidate
3709,s,3710,unreviewed,,0,0,0,0,0,no_feature_candidate;strong_no_feature_candidate
3709,ne,3808,unreviewed,,0,2,0,4,0,no_feature_candidate;strong_no_feature_candidate
3709,se,3809,unreviewed,,0,0,0,0,1,no_feature_candidate;strong_no_feature_candidate
3710,s,3711,unreviewed,,0,0,0,0,2,no_feature_candidate;strong_no_feature_candidate
3710,ne,3809,unreviewed,,0,0,0,1,0,no_feature_candidate;strong_no_feature_candidate
3710,se,3810,unreviewed,,0,0,0,1,0,no_feature_candidate;strong_no_feature_candidate
3711,s,3712,unreviewed,,0,0,0,0,0,no_feature_candidate;strong_no_feature_candidate
3711,ne,3810,unreviewed,,0,1,0,25,2,
3711,se,3811,unreviewed,,0,1,0,17,2,
3712,s,3713,unreviewed,,0,0,0,0,0,no_feature_candidate;strong_no_feature_candidate
3712,ne,3811,unreviewed,,0,2,0,3,1,no_feature_candidate;strong_no_feature_candidate
3712,se,3812,unreviewed,,0,3,0,3,1,no_feature_candidate;strong_no_feature_candidate
3713,s,3714,unreviewed,,0,1,0,1,1,no_feature_candidate;strong_no_feature_candidate
3713,ne,3812,unreviewed,,0,0,0,0,0,no_feature_candidate;strong_no_feature_candidate
3713,se,3813,unreviewed,,0,0,0,0,0,no_feature_candidate;strong_no_feature_candidate
3714,s,3715,unreviewed,,0,0,0,0,0,no_feature_candidate;strong_no_feature_candidate
3714,ne,3813,unreviewed,,0,2,0,2,1,no_feature_candidate;strong_no_feature_candidate
3714,se,3814,unreviewed,,0,1,0,4,1,no_feature_candidate;strong_no_feature_candidate
3715,s,3716,unreviewed,,0,0,0,2,1,no_feature_candidate;strong_no_feature_candidate
3715,ne,3814,unreviewed,,0,18,0,37,2,road_candidate
3715,se,3815,unreviewed,,0,5,0,28,1,road_candidate
3716,s,3717,unreviewed,,556,32,1,1097,284,river_candidate;road_candidate
3716,ne,3815,unreviewed,,0,0,11,57,0,rail_or_primary_candidate
3716,se,3816,unreviewed,,0,0,0,95,75,
3717,s,3718,unreviewed,,0,28,1,45,2,road_candidate
3717,ne,3816,unreviewed,,619,23,0,1322,283,river_candidate;road_candidate
3717,se,3817,unreviewed,,0,0,0,27,72,
3718,s,3719,unreviewed,,0,0,0,0,0,no_feature_candidate;strong_no_feature_candidate
3718,ne,3817,unreviewed,,0,0,0,9,0,no_feature_candidate;strong_no_feature_candidate
3718,se,3818,unreviewed,,0,5,0,21,0,road_candidate
3719,s,3720,unreviewed,,0,0,0,0,0,no_feature_candidate;strong_no_feature_candidate
3719,ne,3818,unreviewed,,0,0,0,0,0,no_feature_candidate;strong_no_feature_candidate
3719,se,3819,unreviewed,,0,0,0,0,1,no_feature_candidate;strong_no_feature_candidate
3720,s,3721,unreviewed,,0,0,0,0,0,no_feature_candidate;strong_no_feature_candidate
3720,ne,3819,unreviewed,,0,0,0,0,0,no_feature_candidate;strong_no_feature_candidate
3720,se,3820,unreviewed,,0,0,0,0,0,no_feature_candidate;strong_no_feature_candidate
3721,s,3722,unreviewed,,0,0,0,1,0,no_feature_candidate;strong_no_feature_candidate
3721,ne,3820,unreviewed,,0,6,0,28,2,road_candidate
3721,se,3821,unreviewed,,0,0,0,0,0,no_feature_candidate;strong_no_feature_candidate
3722,s,3723,unreviewed,,0,0,0,0,0,no_feature_candidate;strong_no_feature_candidate
3722,ne,3821,unreviewed,,0,0,0,0,0,no_feature_candidate;strong_no_feature_candidate
3722,se,3822,unreviewed,,0,0,0,0,0,no_feature_candidate;strong_no_feature_candidate
3723,s,3724,unreviewed,,0,0,0,0,1,no_feature_candidate;strong_no_feature_candidate
3723,ne,3822,unreviewed,,0,38,0,65,4,road_candidate
3723,se,3823,unreviewed,,0,0,0,0,0,no_feature_candidate;strong_no_feature_candidate
3724,s,3725,unreviewed,,186,62,1,511,155,river_candidate;road_candidate
3724,ne,3823,unreviewed,,0,2,0,89,41,
3724,se,3824,unreviewed,,318,28,0,661,152,river_candidate;road_candidate
3725,s,3726,unreviewed,,0,1,0,63,38,
3725,ne,3824,unreviewed,,0,0,0,23,45,
3725,se,3825,unreviewed,,0,8,0,19,3,road_candidate
3726,s,3727,unreviewed,,0,0,0,0,77,no_feature_candidate
3726,ne,3825,unreviewed,,0,2,0,53,37,
3726,se,3826,unreviewed,,324,45,0,794,206,river_candidate;road_candidate
3727,s,3728,unreviewed,,0,2,0,91,43,
3727,ne,3826,unreviewed,,356,47,0,836,193,river_candidate;road_candidate
3727,se,3827,unreviewed,,208,36,56,687,146,river_candidate;road_candidate;rail_or_primary_candidate
3728,s,3729,unreviewed,,512,14,0,1101,280,river_candidate;road_candidate
3728,ne,3827,unreviewed,,338,42,0,690,214,river_candidate;road_candidate
3728,se,3828,unreviewed,,242,49,0,694,231,river_candidate;road_candidate
3729,s,3730,unreviewed,,0,0,0,54,70,
3729,ne,3828,unreviewed,,614,32,0,1247,306,river_candidate;road_candidate
3729,se,3829,unreviewed,,462,25,10,1248,255,river_candidate;road_candidate;rail_or_primary_candidate
3730,s,3731,unreviewed,,388,16,3,1103,196,river_candidate;road_candidate
3730,ne,3829,unreviewed,,634,23,0,1231,285,river_candidate;road_candidate
3730,se,3830,unreviewed,,598,24,0,1212,221,river_candidate;road_candidate
3731,s,3732,unreviewed,,445,15,0,1101,234,river_candidate;road_candidate
3731,ne,3830,unreviewed,,0,1,33,123,147,rail_or_primary_candidate
3731,se,3831,unreviewed,,605,32,0,1319,254,river_candidate;road_candidate
3732,s,3733,unreviewed,,221,28,0,642,145,river_candidate;road_candidate
3732,ne,3831,unreviewed,,0,1,0,11,71,
3732,se,3832,unreviewed,,0,0,0,109,46,
3733,s,3734,unreviewed,,0,0,0,0,0,no_feature_candidate;strong_no_feature_candidate
3733,ne,3832,unreviewed,,366,37,0,747,166,river_candidate;road_candidate
3733,se,3833,unreviewed,,0,1,0,5,47,no_feature_candidate
3734,s,3735,unreviewed,,253,16,0,520,197,river_candidate;road_candidate
3734,ne,3833,unreviewed,,0,0,0,147,68,
3734,se,3834,unreviewed,,725,14,0,1425,266,river_candidate;road_candidate
3735,s,3736,unreviewed,,0,0,2,179,0,
3735,ne,3834,unreviewed,,278,38,0,664,234,river_candidate;road_candidate
3735,se,3835,unreviewed,,0,15,0,95,78,road_candidate
3736,s,3737,unreviewed,,0,0,0,0,0,no_feature_candidate;strong_no_feature_candidate
3736,ne,3835,unreviewed,,0,0,0,1,2,no_feature_candidate;strong_no_feature_candidate
3736,se,3836,unreviewed,,0,0,0,0,0,no_feature_candidate;strong_no_feature_candidate
3737,s,3738,unreviewed,,0,0,0,0,0,no_feature_candidate;strong_no_feature_candidate
3737,ne,3836,unreviewed,,0,2,0,2,1,no_feature_candidate;strong_no_feature_candidate
3737,se,3837,unreviewed,,0,1,0,1,0,no_feature_candidate;strong_no_feature_candidate
3738,s,3739,unreviewed,,0,0,0,107,0,
3738,ne,3837,unreviewed,,0,3,0,3,0,no_feature_candidate;strong_no_feature_candidate
3738,se,3838,unreviewed,,0,0,0,1,0,no_feature_candidate;strong_no_feature_candidate
3739,s,3740,unreviewed,,0,15,2,41,2,road_candidate
3739,ne,3838,unreviewed,,0,63,63,209,22,road_candidate;rail_or_primary_candidate
3739,se,3839,unreviewed,,0,0,0,0,4,no_feature_candidate;strong_no_feature_candidate
3740,s,3741,unreviewed,,0,0,0,0,1,no_feature_candidate;strong_no_feature_candidate
3740,ne,3839,unreviewed,,0,1,0,1,0,no_feature_candidate;strong_no_feature_candidate
3740,se,3840,unreviewed,,0,23,0,42,4,road_candidate
3741,s,3742,unreviewed,,0,0,0,0,0,no_feature_candidate;strong_no_feature_candidate
3741,ne,3840,unreviewed,,0,2,0,2,7,no_feature_candidate
3741,se,3841,unreviewed,,0,1,116,312,36,rail_or_primary_candidate
3742,ne,3841,unreviewed,,0,17,65,156,2,road_candidate;rail_or_primary_candidate
3742,se,3842,unreviewed,,0,3,0,4,1,no_feature_candidate;strong_no_feature_candidate
3800,s,3801,unreviewed,,0,0,0,0,0,no_feature_candidate;strong_no_feature_candidate
3800,ne,3900,unreviewed,,0,0,0,1,0,no_feature_candidate;strong_no_feature_candidate
3800,se,3901,unreviewed,,0,3,0,3,0,no_feature_candidate;strong_no_feature_candidate
3801,s,3802,unreviewed,,0,0,0,0,0,no_feature_candidate;strong_no_feature_candidate
3801,ne,3901,unreviewed,,0,0,0,0,0,no_feature_candidate;strong_no_feature_candidate
3801,se,3902,unreviewed,,0,0,0,0,0,no_feature_candidate;strong_no_feature_candidate
3802,s,3803,unreviewed,,0,0,0,0,0,no_feature_candidate;strong_no_feature_candidate
3802,ne,3902,unreviewed,,0,0,34,79,1,rail_or_primary_candidate
3802,se,3903,unreviewed,,0,0,47,100,12,rail_or_primary_candidate
3803,s,3804,unreviewed,,0,0,0,57,0,
3803,ne,3903,unreviewed,,0,1,0,1,0,no_feature_candidate;strong_no_feature_candidate
3803,se,3904,unreviewed,,0,6,0,10,4,road_candidate;no_feature_candidate;strong_no_feature_candidate
3804,s,3805,unreviewed,,269,26,0,565,159,river_candidate;road_candidate
3804,ne,3904,unreviewed,,0,39,0,141,43,road_candidate
3804,se,3905,unreviewed,,314,37,0,664,192,river_candidate;road_candidate
3805,s,3806,unreviewed,,296,35,0,574,171,river_candidate;road_candidate
3805,ne,3905,unreviewed,,0,0,1,31,49,
3805,se,3906,unreviewed,,0,10,0,66,40,road_candidate
3806,s,3807,unreviewed,,284,34,0,732,127,river_candidate;road_candidate
3806,ne,3906,unreviewed,,139,65,80,755,186,river_candidate;road_candidate;rail_or_primary_candidate
3806,se,3907,unreviewed,,192,10,205,850,171,river_candidate;road_candidate;rail_or_primary_candidate
3807,s,3808,unreviewed,,0,0,0,0,1,no_feature_candidate;strong_no_feature_candidate
3807,ne,3907,unreviewed,,0,0,0,1,39,no_feature_candidate
3807,se,3908,unreviewed,,0,0,0,1,0,no_feature_candidate;strong_no_feature_candidate
3808,s,3809,unreviewed,,0,5,0,5,0,road_candidate;no_feature_candidate;strong_no_feature_candidate
3808,ne,3908,unreviewed,,0,0,0,1,1,no_feature_candidate;strong_no_feature_candidate
3808,se,3909,unreviewed,,0,0,0,2,1,no_feature_candidate;strong_no_feature_candidate
3809,s,3810,unreviewed,,0,1,0,1,0,no_feature_candidate;strong_no_feature_candidate
3809,ne,3909,unreviewed,,0,0,0,0,0,no_feature_candidate;strong_no_feature_candidate
3809,se,3910,unreviewed,,0,0,0,0,0,no_feature_candidate;strong_no_feature_candidate
3810,s,3811,unreviewed,,0,0,0,2,1,no_feature_candidate;strong_no_feature_candidate
3810,ne,3910,unreviewed,,0,22,0,49,4,road_candidate
3810,se,3911,unreviewed,,0,1,0,1,3,no_feature_candidate;strong_no_feature_candidate
3811,s,3812,unreviewed,,0,1,0,1,2,no_feature_candidate;strong_no_feature_candidate
3811,ne,3911,unreviewed,,0,0,0,3,0,no_feature_candidate;strong_no_feature_candidate
3811,se,3912,unreviewed,,0,0,0,0,0,no_feature_candidate;strong_no_feature_candidate
3812,s,3813,unreviewed,,0,0,0,78,0,
3812,ne,3912,unreviewed,,0,0,0,1,0,no_feature_candidate;strong_no_feature_candidate
3812,se,3913,unreviewed,,0,0,117,195,16,rail_or_primary_candidate
3813,s,3814,unreviewed,,0,0,0,0,0,no_feature_candidate;strong_no_feature_candidate
3813,ne,3913,unreviewed,,0,0,0,0,6,no_feature_candidate
3813,se,3914,unreviewed,,0,0,0,0,0,no_feature_candidate;strong_no_feature_candidate
3814,s,3815,unreviewed,,0,0,0,0,0,no_feature_candidate;strong_no_feature_candidate
3814,ne,3914,unreviewed,,0,16,0,33,5,road_candidate
3814,se,3915,unreviewed,,0,0,0,0,1,no_feature_candidate;strong_no_feature_candidate
3815,s,3816,unreviewed,,0,0,0,1,0,no_feature_candidate;strong_no_feature_candidate
3815,ne,3915,unreviewed,,0,0,0,0,0,no_feature_candidate;strong_no_feature_candidate
3815,se,3916,unreviewed,,0,1,0,24,0,
3816,s,3817,unreviewed,,556,26,5,1093,288,river_candidate;road_candidate
3816,ne,3916,unreviewed,,0,1,0,12,70,
3816,se,3917,unreviewed,,542,28,0,1241,238,river_candidate;road_candidate
3817,s,3818,unreviewed,,0,3,0,3,2,no_feature_candidate;strong_no_feature_candidate
3817,ne,3917,unreviewed,,0,0,0,83,75,
3817,se,3918,unreviewed,,0,0,0,0,0,no_feature_candidate;strong_no_feature_candidate
3818,s,3819,unreviewed,,0,31,4,67,6,road_candidate
3818,ne,3918,unreviewed,,0,16,0,36,2,road_candidate
3818,se,3919,unreviewed,,0,0,0,23,2,
3819,s,3820,unreviewed,,0,0,0,2,0,no_feature_candidate;strong_no_feature_candidate
3819,ne,3919,unreviewed,,0,0,0,16,1,
3819,se,3920,unreviewed,,0,23,0,35,4,road_candidate
3820,s,3821,unreviewed,,0,0,0,0,0,no_feature_candidate;strong_no_feature_candidate
3820,ne,3920,unreviewed,,0,22,0,32,4,road_candidate
3820,se,3921,unreviewed,,0,0,0,0,0,no_feature_candidate;strong_no_feature_candidate
3821,s,3822,unreviewed,,0,0,0,1,1,no_feature_candidate;strong_no_feature_candidate
3821,ne,3921,unreviewed,,0,0,0,0,0,no_feature_candidate;strong_no_feature_candidate
3821,se,3922,unreviewed,,0,0,0,1,0,no_feature_candidate;strong_no_feature_candidate
3822,s,3823,unreviewed,,0,0,0,24,0,
3822,ne,3922,unreviewed,,0,0,0,0,0,no_feature_candidate;strong_no_feature_candidate
3822,se,3923,unreviewed,,0,54,0,87,8,road_candidate
3823,s,3824,unreviewed,,207,27,0,584,100,river_candidate;road_candidate
3823,ne,3923,unreviewed,,0,1,0,64,37,
3823,se,3924,unreviewed,,352,38,0,863,141,river_candidate;road_candidate
3824,s,3825,unreviewed,,0,0,0,1,0,no_feature_candidate;strong_no_feature_candidate
3824,ne,3924,unreviewed,,0,0,0,13,35,
3824,se,3925,unreviewed,,0,0,0,0,0,no_feature_candidate;strong_no_feature_candidate
3825,s,3826,unreviewed,,279,68,0,694,123,river_candidate;road_candidate
3825,ne,3925,unreviewed,,0,39,0,94,21,road_candidate
3825,se,3926,unreviewed,,238,25,0,602,78,river_candidate;road_candidate
3826,s,3827,unreviewed,,0,0,1,137,38,
3826,ne,3926,unreviewed,,0,0,0,1,33,no_feature_candidate
3826,se,3927,unreviewed,,0,2,0,2,10,no_feature_candidate
3827,s,3828,unreviewed,,0,0,0,0,48,no_feature_candidate
3827,ne,3927,unreviewed,,0,45,37,205,13,road_candidate;rail_or_primary_candidate
3827,se,3928,unreviewed,,0,2,0,2,0,no_feature_candidate;strong_no_feature_candidate
3828,s,3829,unreviewed,,0,20,1,47,78,road_candidate
3828,ne,3928,unreviewed,,0,0,0,1,0,no_feature_candidate;strong_no_feature_candidate
3828,se,3929,unreviewed,,0,0,0,0,0,no_feature_candidate;strong_no_feature_candidate
3829,s,3830,unreviewed,,0,21,3,43,73,road_candidate
3829,ne,3929,unreviewed,,0,0,0,25,2,
3829,se,3930,unreviewed,,0,0,0,7,0,no_feature_candidate;strong_no_feature_candidate
3830,s,3831,unreviewed,,445,59,10,1099,239,river_candidate;road_candidate;rail_or_primary_candidate
3830,ne,3930,unreviewed,,0,1,97,186,16,rail_or_primary_candidate
3830,se,3931,unreviewed,,0,0,52,94,85,rail_or_primary_candidate
3831,s,3832,unreviewed,,0,27,1,48,4,road_candidate
3831,ne,3931,unreviewed,,603,28,0,1349,236,river_candidate;road_candidate
3831,se,3932,unreviewed,,0,0,0,5,74,no_feature_candidate
3832,s,3833,unreviewed,,252,24,0,593,115,river_candidate;road_candidate
3832,ne,3932,unreviewed,,0,1,0,18,3,
3832,se,3933,unreviewed,,0,0,0,166,44,
3833,s,3834,unreviewed,,245,19,0,474,186,river_candidate;road_candidate
3833,ne,3933,unreviewed,,276,34,0,711,185,river_candidate;road_candidate
3833,se,3934,unreviewed,,0,0,0,102,63,
3834,s,3835,unreviewed,,781,4,0,1658,314,river_candidate
3834,ne,3934,unreviewed,,0,0,0,1,42,no_feature_candidate
3834,se,3935,unreviewed,,2,6,0,300,105,road_candidate
3835,s,3836,unreviewed,,0,0,0,0,0,no_feature_candidate;strong_no_feature_candidate
3835,ne,3935,unreviewed,,657,19,0,1723,280,river_candidate;road_candidate
3835,se,3936,unreviewed,,0,13,0,75,84,road_candidate
3836,s,3837,unreviewed,,0,0,0,0,0,no_feature_candidate;strong_no_feature_candidate
3836,ne,3936,unreviewed,,0,0,0,0,0,no_feature_candidate;strong_no_feature_candidate
3836,se,3937,unreviewed,,0,0,0,0,0,no_feature_candidate;strong_no_feature_candidate
3837,s,3838,unreviewed,,0,0,0,0,0,no_feature_candidate;strong_no_feature_candidate
3837,ne,3937,unreviewed,,0,0,0,0,0,no_feature_candidate;strong_no_feature_candidate
3837,se,3938,unreviewed,,0,0,0,0,0,no_feature_candidate;strong_no_feature_candidate
3838,s,3839,unreviewed,,0,3,0,67,2,
3838,ne,3938,unreviewed,,0,0,0,4,7,no_feature_candidate
3838,se,3939,unreviewed,,0,44,61,215,14,road_candidate;rail_or_primary_candidate
3839,s,3840,unreviewed,,0,0,0,0,0,no_feature_candidate;strong_no_feature_candidate
3839,ne,3939,unreviewed,,64,39,0,465,45,river_candidate;road_candidate
3839,se,3940,unreviewed,,0,1,0,2,27,no_feature_candidate
3840,s,3841,unreviewed,,0,0,3,48,0,
3840,ne,3940,unreviewed,,0,0,0,0,0,no_feature_candidate;strong_no_feature_candidate
3840,se,3941,unreviewed,,0,14,0,41,2,road_candidate
3841,s,3842,unreviewed,,0,22,1,53,4,road_candidate
3841,ne,3941,unreviewed,,0,12,62,153,5,road_candidate;rail_or_primary_candidate
3841,se,3942,unreviewed,,0,0,0,1,0,no_feature_candidate;strong_no_feature_candidate
3842,ne,3942,unreviewed,,0,2,0,31,0,
3900,s,3901,unreviewed,,0,0,0,0,0,no_feature_candidate;strong_no_feature_candidate
3900,se,4000,unreviewed,,0,0,0,1,2,no_feature_candidate;strong_no_feature_candidate
3901,s,3902,unreviewed,,0,15,0,15,2,road_candidate
3901,ne,4000,unreviewed,,0,0,0,0,0,no_feature_candidate;strong_no_feature_candidate
3901,se,4001,unreviewed,,0,0,0,1,0,no_feature_candidate;strong_no_feature_candidate
3902,s,3903,unreviewed,,0,0,0,0,0,no_feature_candidate;strong_no_feature_candidate
3902,ne,4001,unreviewed,,0,0,0,1,0,no_feature_candidate;strong_no_feature_candidate
3902,se,4002,unreviewed,,0,0,0,0,0,no_feature_candidate;strong_no_feature_candidate
3903,s,3904,unreviewed,,0,0,51,103,42,rail_or_primary_candidate
3903,ne,4002,unreviewed,,0,2,0,4,34,no_feature_candidate
3903,se,4003,unreviewed,,261,33,0,632,169,river_candidate;road_candidate
3904,s,3905,unreviewed,,257,54,0,570,214,river_candidate;road_candidate
3904,ne,4003,unreviewed,,264,0,0,504,179,river_candidate
3904,se,4004,unreviewed,,227,51,34,777,209,river_candidate;road_candidate;rail_or_primary_candidate
3905,s,3906,unreviewed,,0,14,0,36,1,road_candidate
3905,ne,4004,unreviewed,,297,131,0,937,245,river_candidate;road_candidate
3905,se,4005,unreviewed,,0,2,0,21,52,
3906,s,3907,unreviewed,,295,28,0,599,159,river_candidate;road_candidate
3906,ne,4005,unreviewed,,0,50,71,230,24,road_candidate;rail_or_primary_candidate
3906,se,4006,unreviewed,,0,1,0,10,38,no_feature_candidate
3907,s,3908,unreviewed,,0,10,0,24,42,road_candidate
3907,ne,4006,unreviewed,,337,58,0,747,126,river_candidate;road_candidate
3907,se,4007,unreviewed,,316,37,0,636,169,river_candidate;road_candidate
3908,s,3909,unreviewed,,0,1,0,132,46,
3908,ne,4007,unreviewed,,354,40,0,738,220,river_candidate;road_candidate
3908,se,4008,unreviewed,,345,53,0,989,176,river_candidate;road_candidate
3909,s,3910,unreviewed,,0,0,0,0,44,no_feature_candidate
3909,ne,4008,unreviewed,,312,39,0,656,222,river_candidate;road_candidate
3909,se,4009,unreviewed,,361,29,0,683,203,river_candidate;road_candidate
3910,s,3911,unreviewed,,0,26,6,60,9,road_candidate
3910,ne,4009,unreviewed,,224,53,0,698,158,river_candidate;road_candidate
3910,se,4010,unreviewed,,0,7,0,51,43,road_candidate
3911,s,3912,unreviewed,,0,27,2,57,6,road_candidate
3911,ne,4010,unreviewed,,0,12,0,20,6,road_candidate
3911,se,4011,unreviewed,,0,7,0,18,3,road_candidate
3912,s,3913,unreviewed,,0,29,0,54,4,road_candidate
3912,ne,4011,unreviewed,,0,1,0,10,0,no_feature_candidate;strong_no_feature_candidate
3912,se,4012,unreviewed,,0,2,0,2,0,no_feature_candidate;strong_no_feature_candidate
3913,s,3914,unreviewed,,0,43,6,87,4,road_candidate
3913,ne,4012,unreviewed,,0,2,0,4,1,no_feature_candidate;strong_no_feature_candidate
3913,se,4013,unreviewed,,0,26,0,44,4,road_candidate
3914,s,3915,unreviewed,,0,0,0,0,1,no_feature_candidate;strong_no_feature_candidate
3914,ne,4013,unreviewed,,0,4,0,16,2,
3914,se,4014,unreviewed,,0,2,0,11,2,
3915,s,3916,unreviewed,,0,0,0,0,0,no_feature_candidate;strong_no_feature_candidate
3915,ne,4014,unreviewed,,0,0,0,1,0,no_feature_candidate;strong_no_feature_candidate
3915,se,4015,unreviewed,,0,0,0,0,0,no_feature_candidate;strong_no_feature_candidate
3916,s,3917,unreviewed,,557,14,1,1054,243,river_candidate;road_candidate
3916,ne,4015,unreviewed,,0,2,42,190,16,rail_or_primary_candidate
3916,se,4016,unreviewed,,0,9,0,36,85,road_candidate
3917,s,3918,unreviewed,,0,0,0,0,0,no_feature_candidate;strong_no_feature_candidate
3917,ne,4016,unreviewed,,605,27,0,1294,257,river_candidate;road_candidate
3917,se,4017,unreviewed,,0,0,0,27,74,
3918,s,3919,unreviewed,,0,0,0,0,0,no_feature_candidate;strong_no_feature_candidate
3918,ne,4017,unreviewed,,0,10,0,18,4,road_candidate
3918,se,4018,unreviewed,,0,0,0,1,0,no_feature_candidate;strong_no_feature_candidate
3919,s,3920,unreviewed,,0,0,0,0,0,no_feature_candidate;strong_no_feature_candidate
3919,ne,4018,unreviewed,,0,0,0,1,2,no_feature_candidate;strong_no_feature_candidate
3919,se,4019,unreviewed,,0,0,0,26,4,
3920,s,3921,unreviewed,,0,25,6,64,3,road_candidate
3920,ne,4019,unreviewed,,0,24,0,35,2,road_candidate
3920,se,4020,unreviewed,,0,0,0,0,0,no_feature_candidate;strong_no_feature_candidate
3921,s,3922,unreviewed,,0,0,0,3,0,no_feature_candidate;strong_no_feature_candidate
3921,ne,4020,unreviewed,,0,0,0,0,0,no_feature_candidate;strong_no_feature_candidate
3921,se,4021,unreviewed,,0,14,0,30,1,road_candidate
3922,s,3923,unreviewed,,0,0,0,2,0,no_feature_candidate;strong_no_feature_candidate
3922,ne,4021,unreviewed,,0,0,0,10,0,no_feature_candidate;strong_no_feature_candidate
3922,se,4022,unreviewed,,0,0,0,0,1,no_feature_candidate;strong_no_feature_candidate
3923,s,3924,unreviewed,,283,32,0,754,192,river_candidate;road_candidate
3923,ne,4022,unreviewed,,0,47,0,105,23,road_candidate
3923,se,4023,unreviewed,,205,27,0,504,140,river_candidate;road_candidate
3924,s,3925,unreviewed,,0,2,0,2,0,no_feature_candidate;strong_no_feature_candidate
3924,ne,4023,unreviewed,,0,2,0,54,37,
3924,se,4024,unreviewed,,0,2,0,3,1,no_feature_candidate;strong_no_feature_candidate
3925,s,3926,unreviewed,,0,0,0,69,17,
3925,ne,4024,unreviewed,,0,0,0,0,0,no_feature_candidate;strong_no_feature_candidate
3925,se,4025,unreviewed,,0,34,0,45,4,road_candidate
3926,s,3927,unreviewed,,0,0,0,88,8,
3926,ne,4025,unreviewed,,0,2,0,102,1,
3926,se,4026,unreviewed,,0,0,0,2,5,no_feature_candidate;strong_no_feature_candidate
3927,s,3928,unreviewed,,0,20,3,73,2,road_candidate
3927,ne,4026,unreviewed,,0,45,78,234,13,road_candidate;rail_or_primary_candidate
3927,se,4027,unreviewed,,0,0,99,195,16,rail_or_primary_candidate
3928,s,3929,unreviewed,,0,23,6,57,6,road_candidate
3928,ne,4027,unreviewed,,0,0,0,0,2,no_feature_candidate;strong_no_feature_candidate
3928,se,4028,unreviewed,,0,1,0,3,0,no_feature_candidate;strong_no_feature_candidate
3929,s,3930,unreviewed,,0,0,0,2,3,no_feature_candidate;strong_no_feature_candidate
3929,ne,4028,unreviewed,,0,0,0,0,0,no_feature_candidate;strong_no_feature_candidate
3929,se,4029,unreviewed,,0,0,0,0,1,no_feature_candidate;strong_no_feature_candidate
3930,s,3931,unreviewed,,0,13,10,198,0,road_candidate;rail_or_primary_candidate
3930,ne,4029,unreviewed,,0,0,0,0,1,no_feature_candidate;strong_no_feature_candidate
3930,se,4030,unreviewed,,0,2,4,44,2,
3931,s,3932,unreviewed,,377,20,0,1068,114,river_candidate;road_candidate
3931,ne,4030,unreviewed,,0,5,52,187,85,road_candidate;rail_or_primary_candidate
3931,se,4031,unreviewed,,462,21,4,1236,181,river_candidate;road_candidate
3932,s,3933,unreviewed,,0,0,0,11,1,
3932,ne,4031,unreviewed,,0,0,0,0,49,no_feature_candidate
3932,se,4032,unreviewed,,0,1,0,1,0,no_feature_candidate;strong_no_feature_candidate
3933,s,3934,unreviewed,,213,36,0,516,78,river_candidate;road_candidate
3933,ne,4032,unreviewed,,0,46,0,65,41,road_candidate
3933,se,4033,unreviewed,,295,37,0,731,102,river_candidate;road_candidate
3934,s,3935,unreviewed,,0,0,0,0,1,no_feature_candidate;strong_no_feature_candidate
3934,ne,4033,unreviewed,,0,7,0,22,38,road_candidate
3934,se,4034,unreviewed,,0,9,0,31,3,road_candidate
3935,s,3936,unreviewed,,527,14,2,1101,290,river_candidate;road_candidate
3935,ne,4034,unreviewed,,0,0,0,0,0,no_feature_candidate;strong_no_feature_candidate
3935,se,4035,unreviewed,,193,100,0,735,117,river_candidate;road_candidate
3936,s,3937,unreviewed,,0,0,0,0,0,no_feature_candidate;strong_no_feature_candidate
3936,ne,4035,unreviewed,,638,36,0,1346,285,river_candidate;road_candidate
3936,se,4036,unreviewed,,0,1,0,48,75,
3937,s,3938,unreviewed,,0,0,0,0,0,no_feature_candidate;strong_no_feature_candidate
3937,ne,4036,unreviewed,,0,1,0,1,1,no_feature_candidate;strong_no_feature_candidate
3937,se,4037,unreviewed,,0,2,0,8,1,no_feature_candidate;strong_no_feature_candidate
3938,s,3939,unreviewed,,0,5,0,132,0,road_candidate
3938,ne,4037,unreviewed,,0,0,0,0,0,no_feature_candidate;strong_no_feature_candidate
3938,se,4038,unreviewed,,0,1,0,1,4,no_feature_candidate;strong_no_feature_candidate
3939,s,3940,unreviewed,,207,35,0,483,62,river_candidate;road_candidate
3939,ne,4038,unreviewed,,35,101,66,514,77,river_candidate;road_candidate;rail_or_primary_candidate
3939,se,4039,unreviewed,,259,36,0,626,130,river_candidate;road_candidate
3940,s,3941,unreviewed,,0,0,0,3,0,no_feature_candidate;strong_no_feature_candidate
3940,ne,4039,unreviewed,,0,0,0,0,32,no_feature_candidate
3940,se,4040,unreviewed,,0,0,0,0,0,no_feature_candidate;strong_no_feature_candidate
3941,s,3942,unreviewed,,0,1,0,1,0,no_feature_candidate;strong_no_feature_candidate
3941,ne,4040,unreviewed,,0,24,49,151,11,road_candidate;rail_or_primary_candidate
3941,se,4041,unreviewed,,0,15,0,35,2,road_candidate
3942,ne,4041,unreviewed,,0,0,0,0,0,no_feature_candidate;strong_no_feature_candidate
3942,se,4042,unreviewed,,0,0,0,3,1,no_feature_candidate;strong_no_feature_candidate
4000,s,4001,unreviewed,,0,0,0,0,0,no_feature_candidate;strong_no_feature_candidate
4000,ne,4100,unreviewed,,0,1,0,29,0,
4000,se,4101,unreviewed,,0,0,45,84,4,rail_or_primary_candidate
4001,s,4002,unreviewed,,0,0,0,0,31,no_feature_candidate
4001,ne,4101,unreviewed,,0,0,0,4,16,no_feature_candidate
4001,se,4102,unreviewed,,243,53,0,479,141,river_candidate;road_candidate
4002,s,4003,unreviewed,,248,33,0,599,161,river_candidate;road_candidate
4002,ne,4102,unreviewed,,283,41,0,611,171,river_candidate;road_candidate
4002,se,4103,unreviewed,,343,79,0,999,180,river_candidate;road_candidate
4003,s,4004,unreviewed,,0,204,0,363,114,road_candidate
4003,ne,4103,unreviewed,,0,6,92,413,85,road_candidate;rail_or_primary_candidate
4003,se,4104,unreviewed,,0,0,8,55,61,
4004,s,4005,unreviewed,,246,140,10,769,245,river_candidate;road_candidate;rail_or_primary_candidate
4004,ne,4104,unreviewed,,0,191,2,502,127,road_candidate
4004,se,4105,unreviewed,,212,207,3,924,187,river_candidate;road_candidate
4005,s,4006,unreviewed,,0,7,0,27,3,road_candidate
4005,ne,4105,unreviewed,,0,28,71,274,72,road_candidate;rail_or_primary_candidate
4005,se,4106,unreviewed,,0,1,155,281,22,rail_or_primary_candidate
4006,s,4007,unreviewed,,0,0,0,0,36,no_feature_candidate
4006,ne,4106,unreviewed,,0,0,0,3,0,no_feature_candidate;strong_no_feature_candidate
4006,se,4107,unreviewed,,0,0,0,0,0,no_feature_candidate;strong_no_feature_candidate
4007,s,4008,unreviewed,,0,0,4,173,41,
4007,ne,4107,unreviewed,,0,0,0,0,0,no_feature_candidate;strong_no_feature_candidate
4007,se,4108,unreviewed,,0,0,188,277,26,rail_or_primary_candidate
4008,s,4009,unreviewed,,0,36,0,74,46,road_candidate
4008,ne,4108,unreviewed,,0,31,33,139,13,road_candidate;rail_or_primary_candidate
4008,se,4109,unreviewed,,0,1,0,1,0,no_feature_candidate;strong_no_feature_candidate
4009,s,4010,unreviewed,,285,18,1,577,190,river_candidate;road_candidate
4009,ne,4109,unreviewed,,0,1,82,174,14,rail_or_primary_candidate
4009,se,4110,unreviewed,,0,19,0,66,53,road_candidate
4010,s,4011,unreviewed,,0,0,4,18,49,
4010,ne,4110,unreviewed,,306,33,0,660,160,river_candidate;road_candidate
4010,se,4111,unreviewed,,333,46,0,666,170,river_candidate;road_candidate
4011,s,4012,unreviewed,,0,0,0,18,51,
4011,ne,4111,unreviewed,,304,32,0,641,208,river_candidate;road_candidate
4011,se,4112,unreviewed,,358,42,0,684,205,river_candidate;road_candidate
4012,s,4013,unreviewed,,0,1,0,1,2,no_feature_candidate;strong_no_feature_candidate
4012,ne,4112,unreviewed,,314,39,0,722,198,river_candidate;road_candidate
4012,se,4113,unreviewed,,0,0,0,11,50,
4013,s,4014,unreviewed,,0,1,0,1,0,no_feature_candidate;strong_no_feature_candidate
4013,ne,4113,unreviewed,,0,14,0,34,2,road_candidate
4013,se,4114,unreviewed,,0,17,0,37,1,road_candidate
4014,s,4015,unreviewed,,0,4,0,4,0,no_feature_candidate;strong_no_feature_candidate
4014,ne,4114,unreviewed,,0,0,0,0,1,no_feature_candidate;strong_no_feature_candidate
4014,se,4115,unreviewed,,0,0,0,2,0,no_feature_candidate;strong_no_feature_candidate
4015,s,4016,unreviewed,,0,0,70,179,3,rail_or_primary_candidate
4015,ne,4115,unreviewed,,0,0,0,0,0,no_feature_candidate;strong_no_feature_candidate
4015,se,4116,unreviewed,,0,0,0,0,0,no_feature_candidate;strong_no_feature_candidate
4016,s,4017,unreviewed,,574,21,6,1205,233,river_candidate;road_candidate
4016,ne,4116,unreviewed,,0,21,0,66,82,road_candidate
4016,se,4117,unreviewed,,606,20,0,1354,241,river_candidate;road_candidate
4017,s,4018,unreviewed,,0,0,0,0,0,no_feature_candidate;strong_no_feature_candidate
4017,ne,4117,unreviewed,,0,0,0,6,70,no_feature_candidate
4017,se,4118,unreviewed,,0,1,0,1,1,no_feature_candidate;strong_no_feature_candidate
4018,s,4019,unreviewed,,0,0,0,6,2,no_feature_candidate;strong_no_feature_candidate
4018,ne,4118,unreviewed,,0,1,0,2,1,no_feature_candidate;strong_no_feature_candidate
4018,se,4119,unreviewed,,0,2,0,2,0,no_feature_candidate;strong_no_feature_candidate
4019,s,4020,unreviewed,,0,0,0,0,0,no_feature_candidate;strong_no_feature_candidate
4019,ne,4119,unreviewed,,0,13,0,74,18,road_candidate
4019,se,4120,unreviewed,,0,2,0,17,18,
4020,s,4021,unreviewed,,0,0,0,0,0,no_feature_candidate;strong_no_feature_candidate
4020,ne,4120,unreviewed,,0,0,0,1,1,no_feature_candidate;strong_no_feature_candidate
4020,se,4121,unreviewed,,0,0,0,1,0,no_feature_candidate;strong_no_feature_candidate
4021,s,4022,unreviewed,,0,15,3,48,4,road_candidate
4021,ne,4121,unreviewed,,0,0,0,2,0,no_feature_candidate;strong_no_feature_candidate
4021,se,4122,unreviewed,,0,0,0,0,0,no_feature_candidate;strong_no_feature_candidate
4022,s,4023,unreviewed,,0,30,1,93,32,road_candidate
4022,ne,4122,unreviewed,,0,9,0,31,2,road_candidate
4022,se,4123,unreviewed,,0,0,0,6,0,no_feature_candidate;strong_no_feature_candidate
4023,s,4024,unreviewed,,0,6,0,71,6,road_candidate
4023,ne,4123,unreviewed,,0,1,0,2,0,no_feature_candidate;strong_no_feature_candidate
4023,se,4124,unreviewed,,0,0,0,1,3,no_feature_candidate;strong_no_feature_candidate
4024,s,4025,unreviewed,,0,0,0,0,0,no_feature_candidate;strong_no_feature_candidate
4024,ne,4124,unreviewed,,0,1,0,13,0,
4024,se,4125,unreviewed,,0,6,0,23,0,road_candidate
4025,s,4026,unreviewed,,0,4,0,232,3,
4025,ne,4125,unreviewed,,0,0,0,6,0,no_feature_candidate;strong_no_feature_candidate
4025,se,4126,unreviewed,,0,22,152,277,33,road_candidate;rail_or_primary_candidate
4026,s,4027,unreviewed,,0,0,0,0,0,no_feature_candidate;strong_no_feature_candidate
4026,ne,4126,unreviewed,,0,26,67,245,22,road_candidate;rail_or_primary_candidate
4026,se,4127,unreviewed,,0,0,0,0,6,no_feature_candidate
4027,s,4028,unreviewed,,0,0,0,0,0,no_feature_candidate;strong_no_feature_candidate
4027,ne,4127,unreviewed,,0,0,0,1,0,no_feature_candidate;strong_no_feature_candidate
4027,se,4128,unreviewed,,0,1,0,1,0,no_feature_candidate;strong_no_feature_candidate
4028,s,4029,unreviewed,,0,10,0,10,0,road_candidate;no_feature_candidate;strong_no_feature_candidate
4028,ne,4128,unreviewed,,0,0,0,0,0,no_feature_candidate;strong_no_feature_candidate
4028,se,4129,unreviewed,,0,0,0,2,0,no_feature_candidate;strong_no_feature_candidate
4029,s,4030,unreviewed,,0,0,0,0,0,no_feature_candidate;strong_no_feature_candidate
4029,ne,4129,unreviewed,,0,1,0,2,0,no_feature_candidate;strong_no_feature_candidate
4029,se,4130,unreviewed,,0,0,0,0,0,no_feature_candidate;strong_no_feature_candidate
4030,s,4031,unreviewed,,513,13,1,1101,227,river_candidate;road_candidate
4030,ne,4130,unreviewed,,0,0,54,155,83,rail_or_primary_candidate
4030,se,4131,unreviewed,,604,19,0,1289,263,river_candidate;road_candidate
4031,s,4032,unreviewed,,0,0,0,0,0,no_feature_candidate;strong_no_feature_candidate
4031,ne,4131,unreviewed,,3,3,0,16,77,
4031,se,4132,unreviewed,,0,2,0,2,1,no_feature_candidate;strong_no_feature_candidate
4032,s,4033,unreviewed,,288,35,0,596,196,river_candidate;road_candidate
4032,ne,4132,unreviewed,,0,1,0,1,0,no_feature_candidate;strong_no_feature_candidate
4032,se,4133,unreviewed,,0,23,0,156,46,road_candidate
4033,s,4034,unreviewed,,0,1,0,1,4,no_feature_candidate;strong_no_feature_candidate
4033,ne,4133,unreviewed,,301,44,0,707,206,river_candidate;road_candidate
4033,se,4134,unreviewed,,0,2,0,2,51,no_feature_candidate
4034,s,4035,unreviewed,,0,4,0,4,1,no_feature_candidate;strong_no_feature_candidate
4034,ne,4134,unreviewed,,0,0,0,1,0,no_feature_candidate;strong_no_feature_candidate
4034,se,4135,unreviewed,,0,19,0,29,4,road_candidate
4035,s,4036,unreviewed,,475,15,0,1133,232,river_candidate;road_candidate
4035,ne,4135,unreviewed,,0,0,0,4,0,no_feature_candidate;strong_no_feature_candidate
4035,se,4136,unreviewed,,0,4,0,245,82,
4036,s,4037,unreviewed,,0,0,0,0,0,no_feature_candidate;strong_no_feature_candidate
4036,ne,4136,unreviewed,,771,10,0,1719,301,river_candidate;road_candidate
4036,se,4137,unreviewed,,0,30,0,144,97,road_candidate
4037,s,4038,unreviewed,,0,1,0,1,0,no_feature_candidate;strong_no_feature_candidate
4037,ne,4137,unreviewed,,0,1,0,1,0,no_feature_candidate;strong_no_feature_candidate
4037,se,4138,unreviewed,,0,0,0,0,0,no_feature_candidate;strong_no_feature_candidate
4038,s,4039,unreviewed,,279,22,0,538,162,river_candidate;road_candidate
4038,ne,4138,unreviewed,,0,0,0,55,36,
4038,se,4139,unreviewed,,144,58,69,718,171,river_candidate;road_candidate;rail_or_primary_candidate
4039,s,4040,unreviewed,,0,0,0,0,0,no_feature_candidate;strong_no_feature_candidate
4039,ne,4139,unreviewed,,0,16,12,164,44,road_candidate;rail_or_primary_candidate
4039,se,4140,unreviewed,,0,0,0,29,9,
4040,s,4041,unreviewed,,0,2,0,2,0,no_feature_candidate;strong_no_feature_candidate
4040,ne,4140,unreviewed,,0,12,24,119,10,road_candidate;rail_or_primary_candidate
4040,se,4141,unreviewed,,0,0,0,0,0,no_feature_candidate;strong_no_feature_candidate
4041,s,4042,unreviewed,,0,21,4,61,51,road_candidate
4041,ne,4141,unreviewed,,0,0,0,120,35,
4041,se,4142,unreviewed,,289,45,0,579,204,river_candidate;road_candidate
4042,ne,4142,unreviewed,,271,22,0,600,115,river_candidate;road_candidate
4100,s,4101,unreviewed,,0,0,0,3,1,no_feature_candidate;strong_no_feature_candidate
4101,s,4102,unreviewed,,0,11,0,18,25,road_candidate
4102,s,4103,unreviewed,,0,1,0,1,55,no_feature_candidate
4103,s,4104,unreviewed,,0,0,124,440,32,rail_or_primary_candidate
4104,s,4105,unreviewed,,272,51,0,598,144,river_candidate;road_candidate
4105,s,4106,unreviewed,,0,13,65,242,15,road_candidate;rail_or_primary_candidate
4106,s,4107,unreviewed,,0,0,0,0,1,no_feature_candidate;strong_no_feature_candidate
4107,s,4108,unreviewed,,0,0,0,12,1,
4108,s,4109,unreviewed,,0,0,0,0,0,no_feature_candidate;strong_no_feature_candidate
4109,s,4110,unreviewed,,0,0,28,125,1,rail_or_primary_candidate
4110,s,4111,unreviewed,,0,0,1,141,50,
4111,s,4112,unreviewed,,0,0,0,0,53,no_feature_candidate
4112,s,4113,unreviewed,,282,11,0,537,112,river_candidate;road_candidate
4113,s,4114,unreviewed,,0,0,0,0,1,no_feature_candidate;strong_no_feature_candidate
4114,s,4115,unreviewed,,0,43,4,75,8,road_candidate
4115,s,4116,unreviewed,,0,33,1,68,6,road_candidate
4116,s,4117,unreviewed,,561,47,1,1106,251,river_candidate;road_candidate
4117,s,4118,unreviewed,,0,0,0,0,2,no_feature_candidate;strong_no_feature_candidate
4118,s,4119,unreviewed,,0,0,0,0,0,no_feature_candidate;strong_no_feature_candidate
4119,s,4120,unreviewed,,213,38,0,436,127,river_candidate;road_candidate
4120,s,4121,unreviewed,,0,0,0,0,1,no_feature_candidate;strong_no_feature_candidate
4121,s,4122,unreviewed,,0,0,0,0,0,no_feature_candidate;strong_no_feature_candidate
4122,s,4123,unreviewed,,0,0,0,0,1,no_feature_candidate;strong_no_feature_candidate
4123,s,4124,unreviewed,,0,0,0,0,0,no_feature_candidate;strong_no_feature_candidate
4124,s,4125,unreviewed,,0,0,0,0,1,no_feature_candidate;strong_no_feature_candidate
4125,s,4126,unreviewed,,0,11,1,134,3,road_candidate
4126,s,4127,unreviewed,,0,12,16,140,2,road_candidate;rail_or_primary_candidate
4127,s,4128,unreviewed,,0,0,0,0,1,no_feature_candidate;strong_no_feature_candidate
4128,s,4129,unreviewed,,0,2,0,2,0,no_feature_candidate;strong_no_feature_candidate
4129,s,4130,unreviewed,,0,0,0,0,1,no_feature_candidate;strong_no_feature_candidate
4130,s,4131,unreviewed,,555,27,0,1094,255,river_candidate;road_candidate
4131,s,4132,unreviewed,,6,7,0,42,2,road_candidate
4132,s,4133,unreviewed,,0,0,0,0,0,no_feature_candidate;strong_no_feature_candidate
4133,s,4134,unreviewed,,209,27,0,576,85,river_candidate;road_candidate
4134,s,4135,unreviewed,,0,0,0,0,0,no_feature_candidate;strong_no_feature_candidate
4135,s,4136,unreviewed,,0,10,2,18,3,road_candidate
4136,s,4137,unreviewed,,688,17,0,1503,282,river_candidate;road_candidate
4137,s,4138,unreviewed,,0,29,0,108,35,road_candidate
4138,s,4139,unreviewed,,267,34,0,560,112,river_candidate;road_candidate
4139,s,4140,unreviewed,,0,11,59,226,13,road_candidate;rail_or_primary_candidate
4140,s,4141,unreviewed,,0,0,0,0,2,no_feature_candidate;strong_no_feature_candidate
4141,s,4142,unreviewed,,258,24,0,565,99,river_candidate;road_candidate
